subject,ind_cell2_1,ind_cell2_2,ind_cell2_3,ind_cell2_4,ind_cell2_5,ind_cell2_6,ind_cell2_7,ind_cell2_8,ind_cell2_9,ind_cell2_10,ind_cell2_11,ind_cell2_12,ind_cell2_13,ind_cell2_14,ind_cell2_15,ind_cell2_16,ind_cell2_17,ind_cell2_18,ind_cell2_19,ind_cell2_20,ind_cell2_21,ind_cell2_22,ind_cell2_23,ind_cell2_24,ind_cell2_25,ind_cell2_26,ind_cell2_27,ind_cell2_28,ind_cell2_29,ind_cell2_30,ind_cell2_31,ind_cell2_32,ind_cell2_33,ind_cell2_34,ind_cell2_35,ind_cell2_36,ind_cell2_37,ind_cell2_38,ind_cell2_39,ind_cell2_40,ind_cell2_41,ind_cell2_42,ind_cell2_43,ind_cell2_44,ind_cell2_45,ind_cell2_46,ind_cell2_47,ind_cell2_48,ind_cell2_49,ind_cell2_50,ind_cell2_51,ind_cell2_52,ind_cell2_53,ind_cell2_54,ind_cell2_55,ind_cell2_56,ind_cell2_57,ind_cell2_58,ind_cell2_59,ind_cell2_60,ind_cell2_61,ind_cell2_62,ind_cell2_63,ind_cell2_64,ind_cell2_65,ind_cell2_66,ind_cell2_67,ind_cell2_68,ind_cell2_69,ind_cell2_70,ind_cell2_71,ind_cell2_72,ind_cell2_73,ind_cell2_74,ind_cell2_75,ind_cell2_76,ind_cell2_77,ind_cell2_78,ind_cell2_79,ind_cell2_80,ind_cell2_81,ind_cell2_82,ind_cell2_83,ind_cell2_84,ind_cell2_85,ind_cell2_86,ind_cell2_87,ind_cell2_88,ind_cell2_89,ind_cell2_90,ind_cell2_91,ind_cell2_92,ind_cell2_93,ind_cell2_94,ind_cell2_95,ind_cell2_96,ind_cell2_97,ind_cell2_98,ind_cell2_99,ind_cell2_100,ind_cell2_101,ind_cell2_102,ind_cell2_103,ind_cell2_104,ind_cell2_105,ind_cell2_106
i002,3001,24999,25501,29000,29501,47000,47501,69000,70001,111884,117886,126385,126886,155885,156386,190885,191386,198385,198886,218884,219386,226726,,,,,,,,,,,,,,,,,,,,,,,,,,,,,,,,,,,,,,,,,,,,,,,,,,,,,,,,,,,,,,,,,,,,,,,,,,,,,,,,,,,,
i004,3001,14999,15501,23000,23501,31500,32001,89000,89501,91000,91501,108000,108501,111813,117815,118814,119315,122314,122815,137314,137815,147814,148815,155314,155815,181314,181815,226314,,,,,,,,,,,,,,,,,,,,,,,,,,,,,,,,,,,,,,,,,,,,,,,,,,,,,,,,,,,,,,,,,,,,,,,,,,,,,,
i005,3001,42000,45001,47500,48001,83999,84501,87000,88001,111889,117891,123890,129891,138890,139391,150889,151391,190390,190891,192890,195891,198890,201891,226744,,,,,,,,,,,,,,,,,,,,,,,,,,,,,,,,,,,,,,,,,,,,,,,,,,,,,,,,,,,,,,,,,,,,,,,,,,,,,,,,,,
i006,3001,13500,14001,50500,51001,67000,67501,76500,77001,77499,78001,97500,98001,111787,117789,121788,123289,141288,141789,154788,155289,198288,199789,202288,202789,223288,223789,226575,,,,,,,,,,,,,,,,,,,,,,,,,,,,,,,,,,,,,,,,,,,,,,,,,,,,,,,,,,,,,,,,,,,,,,,,,,,,,,
i008,3001,32500,33001,38500,39501,67500,68001,75999,76501,80000,80501,85500,86001,93000,93501,111787,117789,121288,121789,163787,164289,226580,,,,,,,,,,,,,,,,,,,,,,,,,,,,,,,,,,,,,,,,,,,,,,,,,,,,,,,,,,,,,,,,,,,,,,,,,,,,,,,,,,,,
i014,3001,25000,25501,36000,42501,56499,57501,111774,117776,153775,154776,173275,173776,185274,186776,226644,,,,,,,,,,,,,,,,,,,,,,,,,,,,,,,,,,,,,,,,,,,,,,,,,,,,,,,,,,,,,,,,,,,,,,,,,,,,,,,,,,,,,,,,,,
i016,3001,18000,18501,36000,37001,39000,39501,40000,40501,58500,59501,85000,85501,111810,117812,121811,122312,163310,164812,225311,226312,226688,,,,,,,,,,,,,,,,,,,,,,,,,,,,,,,,,,,,,,,,,,,,,,,,,,,,,,,,,,,,,,,,,,,,,,,,,,,,,,,,,,,,
i018,3001,75000,78001,98500,99001,100499,101001,111889,117891,122390,122891,129890,132891,213390,213891,216890,222891,225889,226391,226741,,,,,,,,,,,,,,,,,,,,,,,,,,,,,,,,,,,,,,,,,,,,,,,,,,,,,,,,,,,,,,,,,,,,,,,,,,,,,,,,,,,,,,
i021,3001,4000,4501,28500,29001,39500,40001,73500,74501,81000,81501,90000,96001,111792,126794,141793,144794,156793,159794,179292,179794,203293,203794,209293,209794,226577,,,,,,,,,,,,,,,,,,,,,,,,,,,,,,,,,,,,,,,,,,,,,,,,,,,,,,,,,,,,,,,,,,,,,,,,,,,,,,,,
i022,3001,8500,9001,9500,10501,12499,13501,19000,19501,30500,31001,41500,45001,99000,99501,104000,104501,111774,117776,199774,200276,210275,210776,226634,,,,,,,,,,,,,,,,,,,,,,,,,,,,,,,,,,,,,,,,,,,,,,,,,,,,,,,,,,,,,,,,,,,,,,,,,,,,,,,,,,
i024,3001,24000,27001,69000,72001,78000,81001,84000,87001,87500,88001,95000,96001,111810,117812,146811,147312,155311,155812,197311,197812,218811,219312,226682,,,,,,,,,,,,,,,,,,,,,,,,,,,,,,,,,,,,,,,,,,,,,,,,,,,,,,,,,,,,,,,,,,,,,,,,,,,,,,,,,,
i026,3001,7000,7501,20500,21001,38500,39501,40000,40501,55000,55501,82500,83501,89500,90001,98500,99001,105999,107001,111874,117876,145374,146376,209875,210376,226685,,,,,,,,,,,,,,,,,,,,,,,,,,,,,,,,,,,,,,,,,,,,,,,,,,,,,,,,,,,,,,,,,,,,,,,,,,,,,,,,
i027,3001,9500,10001,17500,18001,24000,27001,29000,29501,59499,60501,76000,77501,82500,83001,89000,91001,93000,96001,100500,101001,111500,117868,131367,131868,157867,158368,174367,174868,177867,180868,200867,201868,212367,213368,226713,,,,,,,,,,,,,,,,,,,,,,,,,,,,,,,,,,,,,,,,,,,,,,,,,,,,,,,,,,,,,,,,,,,,,,
i028,3001,3500,5001,49500,50001,51000,52001,59000,60001,61000,61501,64000,65001,71500,72501,87500,88001,108499,109501,111000,111501,111846,117848,126847,129848,153347,154348,159847,160848,174847,175348,176347,176848,184347,185348,200847,201848,226708,,,,,,,,,,,,,,,,,,,,,,,,,,,,,,,,,,,,,,,,,,,,,,,,,,,,,,,,,,,,,,,,,,,,
i029,3001,10500,11001,51500,52001,89000,90001,111787,117789,141788,142289,209287,209789,224788,225289,226572,,,,,,,,,,,,,,,,,,,,,,,,,,,,,,,,,,,,,,,,,,,,,,,,,,,,,,,,,,,,,,,,,,,,,,,,,,,,,,,,,,,,,,,,,,
i030,3001,38499,39001,49500,50001,75000,75501,107500,108001,111787,117789,120788,123789,135788,136289,153788,156789,184788,185289,210788,211789,214788,215289,226465,,,,,,,,,,,,,,,,,,,,,,,,,,,,,,,,,,,,,,,,,,,,,,,,,,,,,,,,,,,,,,,,,,,,,,,,,,,,,,,,,,
i032,3001,14500,15501,20000,20501,36000,51001,95500,96001,105000,108001,111772,117774,126773,127274,138773,141774,142273,142774,144773,150774,161773,162274,174773,175274,192773,195774,198272,201774,209773,210274,226534,,,,,,,,,,,,,,,,,,,,,,,,,,,,,,,,,,,,,,,,,,,,,,,,,,,,,,,,,,,,,,,,,,,,,,,,,,
i034,3001,4500,5001,5500,6001,11500,12001,14000,14501,22000,22501,23000,24001,86499,87001,88000,88501,111787,117789,118288,118789,134288,134789,143788,144289,154788,155289,171788,172289,181788,182289,214788,215289,219788,220289,226560,,,,,,,,,,,,,,,,,,,,,,,,,,,,,,,,,,,,,,,,,,,,,,,,,,,,,,,,,,,,,,,,,,,,,,
i035,3001,25000,25501,36500,37001,52499,53001,81500,82001,111782,117784,130283,130784,138283,138784,190783,191284,226537,,,,,,,,,,,,,,,,,,,,,,,,,,,,,,,,,,,,,,,,,,,,,,,,,,,,,,,,,,,,,,,,,,,,,,,,,,,,,,,,,,,,,,,,
i036,3001,34000,34501,54500,55501,68500,69501,85999,86501,87500,88501,89500,90001,102000,103001,111818,117820,145819,146320,175318,175820,182319,182820,222819,223320,226583,,,,,,,,,,,,,,,,,,,,,,,,,,,,,,,,,,,,,,,,,,,,,,,,,,,,,,,,,,,,,,,,,,,,,,,,,,,,,,,,
i038,3001,7500,8501,14500,15501,17000,17501,20000,20501,43000,43501,44500,45001,46500,47001,98000,98501,111882,117884,168383,168884,170882,171884,178883,179384,184383,184884,213383,213884,215883,216384,226744,232746,241745,242246,256745,257246,266745,267246,268745,269746,274244,274746,305245,305746,307745,308746,316245,316746,317245,317746,341591,,,,,,,,,,,,,,,,,,,,,,,,,,,,,,,,,,,,,,,,,,,,,,,,,,,,,,
i039,3001,13000,13501,15000,15501,55500,56001,60000,60501,68500,69001,73500,74001,92500,94001,107500,111001,111856,117858,142857,143358,151857,152358,153857,154358,164857,165358,186357,188358,204857,213858,216857,219858,222857,223358,226688,,,,,,,,,,,,,,,,,,,,,,,,,,,,,,,,,,,,,,,,,,,,,,,,,,,,,,,,,,,,,,,,,,,,,,
i041,3001,8500,9001,9500,10001,17500,18001,25500,26001,56500,57501,68999,69501,111984,117986,128484,129486,136985,137486,190485,190986,191985,192486,224985,225486,226949,,,,,,,,,,,,,,,,,,,,,,,,,,,,,,,,,,,,,,,,,,,,,,,,,,,,,,,,,,,,,,,,,,,,,,,,,,,,,,,,
i042,3001,6000,6501,25000,26001,37500,38501,66500,68001,84999,85501,97500,98001,109000,109501,111971,117973,121472,121973,148472,148973,151472,151973,156972,157473,158972,159473,163472,165473,165972,169473,198472,198973,201972,202473,219972,220473,226923,,,,,,,,,,,,,,,,,,,,,,,,,,,,,,,,,,,,,,,,,,,,,,,,,,,,,,,,,,,,,,,,,,,,
i044,3001,86000,86501,92000,92501,96000,96501,103999,104501,111843,117845,124844,125345,146343,146845,150344,150845,181844,182345,220844,221345,226726,,,,,,,,,,,,,,,,,,,,,,,,,,,,,,,,,,,,,,,,,,,,,,,,,,,,,,,,,,,,,,,,,,,,,,,,,,,,,,,,,,,,
i045,3001,3500,4001,47499,48001,69000,69501,97500,98001,111779,117781,196279,196781,226564,,,,,,,,,,,,,,,,,,,,,,,,,,,,,,,,,,,,,,,,,,,,,,,,,,,,,,,,,,,,,,,,,,,,,,,,,,,,,,,,,,,,,,,,,,,,
i047,3001,39500,41001,48000,60001,98499,99501,111769,117771,136270,137271,137769,138271,142770,143271,166770,167271,217270,217771,225770,,,,,,,,,,,,,,,,,,,,,,,,,,,,,,,,,,,,,,,,,,,,,,,,,,,,,,,,,,,,,,,,,,,,,,,,,,,,,,,,,,,,,,
i048,3001,18000,21001,30999,31501,63000,66001,86000,86501,98000,98501,111774,117776,127775,128276,129775,130276,160775,161276,198774,199276,215775,216276,226275,,,,,,,,,,,,,,,,,,,,,,,,,,,,,,,,,,,,,,,,,,,,,,,,,,,,,,,,,,,,,,,,,,,,,,,,,,,,,,,,,,
i049,3001,8000,8501,9000,9501,30500,31001,31999,32501,111841,117843,139842,140343,146842,147343,153341,153843,189842,190343,210842,213843,214342,214843,215342,215843,223342,223843,226673,,,,,,,,,,,,,,,,,,,,,,,,,,,,,,,,,,,,,,,,,,,,,,,,,,,,,,,,,,,,,,,,,,,,,,,,,,,,,,
i051,3001,20499,21001,51500,52501,86000,86501,103000,103501,105000,105501,111813,117815,122314,122815,135814,138815,186814,189815,225814,,,,,,,,,,,,,,,,,,,,,,,,,,,,,,,,,,,,,,,,,,,,,,,,,,,,,,,,,,,,,,,,,,,,,,,,,,,,,,,,,,,,,,
i052,3001,18000,19001,24500,25001,32000,33001,41500,42001,44500,45001,49000,49501,59500,61501,84000,87001,111925,117927,118426,118927,128926,129427,129926,132927,138926,141927,161926,162427,170926,171427,201926,202927,210426,210927,223926,224427,226838,,,,,,,,,,,,,,,,,,,,,,,,,,,,,,,,,,,,,,,,,,,,,,,,,,,,,,,,,,,,,,,,,,,,
i053,3001,6999,7501,14000,15001,51000,51501,76000,76501,87000,87501,105000,105501,111887,117889,147888,153889,166888,167389,175888,176389,180388,180889,181888,182389,183888,184389,209888,210389,226749,,,,,,,,,,,,,,,,,,,,,,,,,,,,,,,,,,,,,,,,,,,,,,,,,,,,,,,,,,,,,,,,,,,,,,,,,,,,
i055,3001,49000,49501,50000,50501,70499,71001,78500,79001,98500,99001,111828,117830,118328,118830,119829,120330,123329,125830,132829,133830,140829,141830,143329,143830,149829,150330,184829,185330,185829,186830,204829,210830,218829,219830,220329,220830,225829,,,,,,,,,,,,,,,,,,,,,,,,,,,,,,,,,,,,,,,,,,,,,,,,,,,,,,,,,,,,,,,,,,,,
i056,6001,6500,7001,19000,19501,23000,23501,24500,25001,26500,27501,38000,38501,39000,42001,45000,46501,111961,117963,124462,124963,139961,141463,156962,162963,164462,164963,167962,168463,191462,191963,201962,202463,209462,210463,226908,,,,,,,,,,,,,,,,,,,,,,,,,,,,,,,,,,,,,,,,,,,,,,,,,,,,,,,,,,,,,,,,,,,,,,
i058,3001,15000,21001,48000,48501,53500,54001,89000,89501,106000,108501,111818,117820,154819,155320,156319,156820,160318,160820,201819,202320,216819,217320,222319,222820,226614,,,,,,,,,,,,,,,,,,,,,,,,,,,,,,,,,,,,,,,,,,,,,,,,,,,,,,,,,,,,,,,,,,,,,,,,,,,,,,,,
i059,3001,73000,75501,78500,79001,86500,87001,88000,88501,111884,118386,119884,120386,137885,138386,160385,160886,221885,222386,226657,,,,,,,,,,,,,,,,,,,,,,,,,,,,,,,,,,,,,,,,,,,,,,,,,,,,,,,,,,,,,,,,,,,,,,,,,,,,,,,,,,,,,,
i060,3001,15000,16001,31500,32501,66000,67001,74499,75501,111782,117784,144283,144784,173283,173784,180783,186784,193782,194284,215283,215784,226575,,,,,,,,,,,,,,,,,,,,,,,,,,,,,,,,,,,,,,,,,,,,,,,,,,,,,,,,,,,,,,,,,,,,,,,,,,,,,,,,,,,,
i063,3001,35500,36001,63500,64001,70499,71001,82500,83001,103500,104001,111784,117786,151285,151786,171284,171786,198285,198786,226585,,,,,,,,,,,,,,,,,,,,,,,,,,,,,,,,,,,,,,,,,,,,,,,,,,,,,,,,,,,,,,,,,,,,,,,,,,,,,,,,,,,,,,
i064,3001,106499,107001,111992,117994,147492,147994,159993,160494,213493,213994,226957,,,,,,,,,,,,,,,,,,,,,,,,,,,,,,,,,,,,,,,,,,,,,,,,,,,,,,,,,,,,,,,,,,,,,,,,,,,,,,,,,,,,,,,,,,,,,,
i065,3001,6000,9001,57000,57501,75000,78001,111820,117822,126320,127322,226698,,,,,,,,,,,,,,,,,,,,,,,,,,,,,,,,,,,,,,,,,,,,,,,,,,,,,,,,,,,,,,,,,,,,,,,,,,,,,,,,,,,,,,,,,,,,,,
i066,3001,56499,57001,61000,61501,70000,70501,111877,117879,121378,122379,141878,144879,183878,184379,189877,190379,226719,,,,,,,,,,,,,,,,,,,,,,,,,,,,,,,,,,,,,,,,,,,,,,,,,,,,,,,,,,,,,,,,,,,,,,,,,,,,,,,,,,,,,,,,
i067,3001,87499,88001,111856,117858,133856,134358,140857,141358,145357,145858,151857,152358,161357,161858,170357,170858,226664,,,,,,,,,,,,,,,,,,,,,,,,,,,,,,,,,,,,,,,,,,,,,,,,,,,,,,,,,,,,,,,,,,,,,,,,,,,,,,,,,,,,,,,,
i071,3001,25000,25501,38000,38501,47499,48001,96000,96501,103500,104501,111966,117968,144967,147968,194467,194968,225466,225968,226920,,,,,,,,,,,,,,,,,,,,,,,,,,,,,,,,,,,,,,,,,,,,,,,,,,,,,,,,,,,,,,,,,,,,,,,,,,,,,,,,,,,,,,
i073,3001,39000,39501,44999,45501,53000,53501,97500,98001,111994,117996,130995,131496,174494,175996,193995,194496,200995,201496,214495,214996,226936,,,,,,,,,,,,,,,,,,,,,,,,,,,,,,,,,,,,,,,,,,,,,,,,,,,,,,,,,,,,,,,,,,,,,,,,,,,,,,,,,,,,
i074,3001,9000,9501,45000,45501,60000,66001,81999,82501,111928,117930,118429,118930,130929,131430,159429,159930,165929,175430,198929,199930,213929,214430,226852,,,,,,,,,,,,,,,,,,,,,,,,,,,,,,,,,,,,,,,,,,,,,,,,,,,,,,,,,,,,,,,,,,,,,,,,,,,,,,,,,,
i076,3001,6000,6501,12000,15001,43000,43501,58500,59001,60499,61001,111000,111501,111879,117881,125380,125881,143380,143881,155880,156381,160380,160881,177880,178381,201880,202381,210380,210881,226716,,,,,,,,,,,,,,,,,,,,,,,,,,,,,,,,,,,,,,,,,,,,,,,,,,,,,,,,,,,,,,,,,,,,,,,,,,,,
i081,3001,6000,15001,24500,25001,32000,32501,101500,102001,111836,117838,189336,189838,212837,213338,226696,,,,,,,,,,,,,,,,,,,,,,,,,,,,,,,,,,,,,,,,,,,,,,,,,,,,,,,,,,,,,,,,,,,,,,,,,,,,,,,,,,,,,,,,,,
i082,6001,36500,37001,74999,75501,102500,103501,111841,117843,118842,119343,125841,127343,196342,196843,226649,,,,,,,,,,,,,,,,,,,,,,,,,,,,,,,,,,,,,,,,,,,,,,,,,,,,,,,,,,,,,,,,,,,,,,,,,,,,,,,,,,,,,,,,,,
i083,3001,14499,15501,65000,66001,69000,69501,74000,74501,111930,117932,120931,129932,144931,147932,166431,166932,182431,183432,213930,214432,223931,224432,226846,,,,,,,,,,,,,,,,,,,,,,,,,,,,,,,,,,,,,,,,,,,,,,,,,,,,,,,,,,,,,,,,,,,,,,,,,,,,,,,,,,
i084,3001,12000,15001,51000,52501,57000,58001,108000,111001,111797,118299,139798,140299,192798,195799,196798,197299,203798,204299,222798,225799,226664,,,,,,,,,,,,,,,,,,,,,,,,,,,,,,,,,,,,,,,,,,,,,,,,,,,,,,,,,,,,,,,,,,,,,,,,,,,,,,,,,,,,
i087,3001,20500,21001,40499,41001,71500,72001,111818,117820,119319,119820,132819,133320,142319,143320,164319,164820,166819,167320,182319,182820,193318,193820,226698,,,,,,,,,,,,,,,,,,,,,,,,,,,,,,,,,,,,,,,,,,,,,,,,,,,,,,,,,,,,,,,,,,,,,,,,,,,,,,,,,,
i089,3001,28000,28501,31000,31501,48000,51001,66500,67001,69000,70001,102000,102501,106000,106501,111769,117771,178770,179271,186770,189771,216269,216771,226624,,,,,,,,,,,,,,,,,,,,,,,,,,,,,,,,,,,,,,,,,,,,,,,,,,,,,,,,,,,,,,,,,,,,,,,,,,,,,,,,,,
i090,3001,5000,5501,28999,29501,45000,48001,51000,54001,60000,63001,84000,93001,99000,102001,111848,117850,126349,126850,165349,165850,214849,215350,225348,225850,226680,,,,,,,,,,,,,,,,,,,,,,,,,,,,,,,,,,,,,,,,,,,,,,,,,,,,,,,,,,,,,,,,,,,,,,,,,,,,,,,,
i091,3001,25000,25501,43999,44501,50500,51001,111874,117876,129375,129876,181874,182376,188375,188876,226703,,,,,,,,,,,,,,,,,,,,,,,,,,,,,,,,,,,,,,,,,,,,,,,,,,,,,,,,,,,,,,,,,,,,,,,,,,,,,,,,,,,,,,,,,,
i092,3001,12000,13001,16000,17001,35500,36001,111825,117827,142326,142827,188825,189327,205826,206827,219826,,,,,,,,,,,,,,,,,,,,,,,,,,,,,,,,,,,,,,,,,,,,,,,,,,,,,,,,,,,,,,,,,,,,,,,,,,,,,,,,,,,,,,,,,,
i093,3001,18499,19001,26500,27001,84000,90001,102000,117774,121273,121774,164773,166274,204773,205274,224272,224774,226545,,,,,,,,,,,,,,,,,,,,,,,,,,,,,,,,,,,,,,,,,,,,,,,,,,,,,,,,,,,,,,,,,,,,,,,,,,,,,,,,,,,,,,,,
i095,3001,41000,41501,43500,44001,67500,68001,68500,70001,77500,78001,94000,94501,106500,107001,111828,117830,129829,132830,171329,172330,175828,176330,187829,188330,204829,205330,226631,,,,,,,,,,,,,,,,,,,,,,,,,,,,,,,,,,,,,,,,,,,,,,,,,,,,,,,,,,,,,,,,,,,,,,,,,,,,,,
i096,3001,11500,12001,18500,19001,26500,27001,33000,33501,34999,35501,57500,58501,96500,97001,111767,117769,124268,124769,140768,141269,164768,165269,168768,174769,209768,210269,213767,214269,226532,,,,,,,,,,,,,,,,,,,,,,,,,,,,,,,,,,,,,,,,,,,,,,,,,,,,,,,,,,,,,,,,,,,,,,,,,,,,
i099,3001,23500,24001,55000,55501,64499,65501,89000,89501,103000,103501,111874,117876,144875,145376,146375,147376,153875,156876,167375,167876,169374,169876,194375,194876,217875,218376,220875,221376,226690,,,,,,,,,,,,,,,,,,,,,,,,,,,,,,,,,,,,,,,,,,,,,,,,,,,,,,,,,,,,,,,,,,,,,,,,,,,,
i101,3001,11000,11501,24000,24501,55499,56001,94500,95001,111818,117820,120319,121320,160819,161320,179319,179820,181319,181820,189319,190320,226606,,,,,,,,,,,,,,,,,,,,,,,,,,,,,,,,,,,,,,,,,,,,,,,,,,,,,,,,,,,,,,,,,,,,,,,,,,,,,,,,,,,,
i102,3001,9000,9501,12500,13001,32500,33001,48000,51001,54000,55001,80499,81001,85000,86001,89000,90001,99500,100501,111784,117786,119785,120286,162285,162786,204785,205286,223784,224286,226621,,,,,,,,,,,,,,,,,,,,,,,,,,,,,,,,,,,,,,,,,,,,,,,,,,,,,,,,,,,,,,,,,,,,,,,,,,,,
i103,3001,47000,47501,89500,90001,106999,108001,111964,117966,134465,134966,137964,138466,140965,141466,142965,143466,164965,165466,186965,198966,213965,214466,226906,,,,,,,,,,,,,,,,,,,,,,,,,,,,,,,,,,,,,,,,,,,,,,,,,,,,,,,,,,,,,,,,,,,,,,,,,,,,,,,,,,
i106,3001,13499,14001,18000,21001,51000,54001,67500,68001,111861,117863,149862,150363,159862,162863,226700,,,,,,,,,,,,,,,,,,,,,,,,,,,,,,,,,,,,,,,,,,,,,,,,,,,,,,,,,,,,,,,,,,,,,,,,,,,,,,,,,,,,,,,,,,
i107,3001,3499,4001,44500,45001,95000,95501,96500,97001,111941,117943,139442,139943,155941,156943,172442,172943,218942,219443,222942,225943,226895,,,,,,,,,,,,,,,,,,,,,,,,,,,,,,,,,,,,,,,,,,,,,,,,,,,,,,,,,,,,,,,,,,,,,,,,,,,,,,,,,,,,
i109,3001,22000,22501,37000,37501,43500,44001,53000,53501,78000,81001,84000,87001,87500,88001,111784,117786,134785,135286,138785,139786,149784,150286,197285,197786,217785,218286,226656,,,,,,,,,,,,,,,,,,,,,,,,,,,,,,,,,,,,,,,,,,,,,,,,,,,,,,,,,,,,,,,,,,,,,,,,,,,,,,
i110,3001,27499,28001,44500,45001,111879,117881,147380,147881,159380,159881,172379,173381,173880,174381,226746,,,,,,,,,,,,,,,,,,,,,,,,,,,,,,,,,,,,,,,,,,,,,,,,,,,,,,,,,,,,,,,,,,,,,,,,,,,,,,,,,,,,,,,,,,
i111,3001,12999,13501,111795,117797,131795,132297,155796,157797,168796,177797,194296,194797,226565,,,,,,,,,,,,,,,,,,,,,,,,,,,,,,,,,,,,,,,,,,,,,,,,,,,,,,,,,,,,,,,,,,,,,,,,,,,,,,,,,,,,,,,,,,,,
i112,3001,12000,15001,33000,36001,36500,37001,56000,57001,111761,120763,135762,138763,148762,149263,155762,156263,191262,191763,193761,194263,223262,223763,226518,232520,242519,243020,245519,246020,274519,275020,276519,277020,279519,280020,281019,281520,288019,289020,319519,322520,341296,,,,,,,,,,,,,,,,,,,,,,,,,,,,,,,,,,,,,,,,,,,,,,,,,,,,,,,,,,,,,,,,
i114,4001,17500,18501,19500,20501,79499,80501,84500,85001,111782,117784,163282,164784,171783,172284,226552,,,,,,,,,,,,,,,,,,,,,,,,,,,,,,,,,,,,,,,,,,,,,,,,,,,,,,,,,,,,,,,,,,,,,,,,,,,,,,,,,,,,,,,,,,
i116,3001,12000,15001,24000,30001,97500,98001,104499,105001,111805,117807,135805,136307,153806,154307,207806,213807,226598,,,,,,,,,,,,,,,,,,,,,,,,,,,,,,,,,,,,,,,,,,,,,,,,,,,,,,,,,,,,,,,,,,,,,,,,,,,,,,,,,,,,,,,,
i117,3001,62500,63001,75000,78001,89000,89501,96000,99001,102000,105001,111820,120822,135821,138822,141321,142322,157321,157822,195821,201822,217821,219322,219821,,,,,,,,,,,,,,,,,,,,,,,,,,,,,,,,,,,,,,,,,,,,,,,,,,,,,,,,,,,,,,,,,,,,,,,,,,,,,,,,,,
i119,6001,9000,12001,19000,20001,20499,21001,30000,39001,45000,48001,87000,90001,111805,117807,126806,132807,135806,141807,150806,153807,155305,155807,198806,201807,207806,210807,213806,216807,230403,,,,,,,,,,,,,,,,,,,,,,,,,,,,,,,,,,,,,,,,,,,,,,,,,,,,,,,,,,,,,,,,,,,,,,,,,,,,
i120,3001,27499,28001,42000,45001,78000,81001,87000,90001,92500,93001,100500,101001,111820,117822,118320,118822,135821,138822,162821,165822,177821,178322,196321,196822,226585,232587,270585,271087,274586,280587,283586,295587,336586,337087,340586,,,,,,,,,,,,,,,,,,,,,,,,,,,,,,,,,,,,,,,,,,,,,,,,,,,,,,,,,,,,,,,,,,,,,,
i123,3001,28500,29001,46999,48001,52500,53001,94500,95001,111856,123858,175356,175858,226690,,,,,,,,,,,,,,,,,,,,,,,,,,,,,,,,,,,,,,,,,,,,,,,,,,,,,,,,,,,,,,,,,,,,,,,,,,,,,,,,,,,,,,,,,,,,
i125,3001,27999,29501,30000,36001,54000,60001,102000,102501,106500,107001,111784,117786,132284,132786,142785,143286,154785,155286,170285,170786,208785,209286,223285,223786,226546,,,,,,,,,,,,,,,,,,,,,,,,,,,,,,,,,,,,,,,,,,,,,,,,,,,,,,,,,,,,,,,,,,,,,,,,,,,,,,,,
i126,3001,38000,38501,41000,41501,95000,95501,108500,110001,111910,117912,135911,136912,151411,151912,162411,162912,184411,184912,185911,187912,192911,193412,212411,212912,226795,,,,,,,,,,,,,,,,,,,,,,,,,,,,,,,,,,,,,,,,,,,,,,,,,,,,,,,,,,,,,,,,,,,,,,,,,,,,,,,,
i128,3001,14500,15501,17500,18001,22500,23001,34500,35001,84999,85501,89500,90001,111895,117897,137895,138397,153396,153897,209896,210397,226819,232821,253320,254321,256820,259821,267820,268321,310320,310821,332319,332821,341763,,,,,,,,,,,,,,,,,,,,,,,,,,,,,,,,,,,,,,,,,,,,,,,,,,,,,,,,,,,,,,,,,,,,,,,,
i129,3001,9000,9501,15000,21001,44499,45001,47000,47501,111964,117966,142465,142966,150965,151466,204964,207966,210965,213966,223465,223966,226926,,,,,,,,,,,,,,,,,,,,,,,,,,,,,,,,,,,,,,,,,,,,,,,,,,,,,,,,,,,,,,,,,,,,,,,,,,,,,,,,,,,,
i132,3001,7500,8001,17999,18501,22500,23501,41000,41501,104500,105001,111797,117799,126798,127299,143298,143799,200798,201299,214797,215299,219798,220299,226577,,,,,,,,,,,,,,,,,,,,,,,,,,,,,,,,,,,,,,,,,,,,,,,,,,,,,,,,,,,,,,,,,,,,,,,,,,,,,,,,,,
i136,3001,4500,5001,5500,6001,15500,17001,21500,22001,32000,32501,39500,40001,51000,51501,64000,64501,67499,69001,98000,98501,107500,108001,111792,117794,122293,122794,138793,141794,147793,148794,149793,150294,160793,161294,171293,171794,178293,178794,184793,185294,186793,187294,189292,189794,193293,193794,195293,195794,203293,203794,226549,,,,,,,,,,,,,,,,,,,,,,,,,,,,,,,,,,,,,,,,,,,,,,,,,,,,,,
i140,3001,33500,34501,35000,35501,54000,54501,56499,57501,60000,60501,66000,66501,91500,92001,102500,103001,111792,117794,156793,159794,179793,180794,182793,183294,192793,198794,200293,200794,214792,215294,226293,,,,,,,,,,,,,,,,,,,,,,,,,,,,,,,,,,,,,,,,,,,,,,,,,,,,,,,,,,,,,,,,,,,,,,,,,,
i141,3001,85999,86501,106000,106501,111761,117763,158262,158763,162762,165763,226531,,,,,,,,,,,,,,,,,,,,,,,,,,,,,,,,,,,,,,,,,,,,,,,,,,,,,,,,,,,,,,,,,,,,,,,,,,,,,,,,,,,,,,,,,,,,,,
i142,3001,3500,4001,5999,6501,36500,37001,39000,40001,68500,69001,93000,94001,111774,117776,127775,128776,139275,139776,155275,155776,158275,158776,165775,166276,177775,178276,193774,194276,204775,205276,226534,,,,,,,,,,,,,,,,,,,,,,,,,,,,,,,,,,,,,,,,,,,,,,,,,,,,,,,,,,,,,,,,,,,,,,,,,,
i143,3001,18000,30001,69000,72001,74000,74501,81000,87001,93000,96001,111779,117781,156280,156781,157280,158781,176780,177281,187280,187781,197780,198281,207280,207781,226547,,,,,,,,,,,,,,,,,,,,,,,,,,,,,,,,,,,,,,,,,,,,,,,,,,,,,,,,,,,,,,,,,,,,,,,,,,,,,,,,
i144,3001,35500,36001,49000,49501,111499,117879,221877,222379,226742,,,,,,,,,,,,,,,,,,,,,,,,,,,,,,,,,,,,,,,,,,,,,,,,,,,,,,,,,,,,,,,,,,,,,,,,,,,,,,,,,,,,,,,,,,,,,,,,
i145,3001,32500,33001,39500,40001,61500,62001,81000,81501,103499,104001,111500,117809,124308,124809,175308,175809,180808,181309,199808,200309,226669,,,,,,,,,,,,,,,,,,,,,,,,,,,,,,,,,,,,,,,,,,,,,,,,,,,,,,,,,,,,,,,,,,,,,,,,,,,,,,,,,,,,
i147,3001,20000,20501,76999,77501,111884,117886,183884,184386,204885,207886,210885,213886,226736,,,,,,,,,,,,,,,,,,,,,,,,,,,,,,,,,,,,,,,,,,,,,,,,,,,,,,,,,,,,,,,,,,,,,,,,,,,,,,,,,,,,,,,,,,,,
i153,3001,12999,14001,40500,41001,101000,101501,111838,117840,124839,125340,142338,142840,155339,155840,226675,,,,,,,,,,,,,,,,,,,,,,,,,,,,,,,,,,,,,,,,,,,,,,,,,,,,,,,,,,,,,,,,,,,,,,,,,,,,,,,,,,,,,,,,,,
i154,3501,38999,39501,75500,76501,111813,117815,174814,175315,178814,179315,186314,187315,195814,196315,219814,220315,226627,,,,,,,,,,,,,,,,,,,,,,,,,,,,,,,,,,,,,,,,,,,,,,,,,,,,,,,,,,,,,,,,,,,,,,,,,,,,,,,,,,,,,,,,
i155,3001,9000,10501,15000,18001,30000,33001,65000,65501,111802,117804,155302,155804,156803,159804,189803,192804,204803,207804,226570,,,,,,,,,,,,,,,,,,,,,,,,,,,,,,,,,,,,,,,,,,,,,,,,,,,,,,,,,,,,,,,,,,,,,,,,,,,,,,,,,,,,,,
i156,3001,16000,16501,59000,59501,65999,66501,67500,68001,107000,107501,111820,117822,120820,121322,141821,142322,157321,157822,165821,166322,193821,194322,226644,,,,,,,,,,,,,,,,,,,,,,,,,,,,,,,,,,,,,,,,,,,,,,,,,,,,,,,,,,,,,,,,,,,,,,,,,,,,,,,,,,
i157,3001,9000,9501,23000,24501,25000,25501,45000,51001,71000,71501,74500,75001,77000,77501,111838,117840,161839,162340,165838,166340,173839,174340,184839,185840,189839,198840,226649,,,,,,,,,,,,,,,,,,,,,,,,,,,,,,,,,,,,,,,,,,,,,,,,,,,,,,,,,,,,,,,,,,,,,,,,,,,,,,
i160,3001,33000,36001,66999,67501,111779,117781,120780,123781,191779,192281,198780,201781,226544,,,,,,,,,,,,,,,,,,,,,,,,,,,,,,,,,,,,,,,,,,,,,,,,,,,,,,,,,,,,,,,,,,,,,,,,,,,,,,,,,,,,,,,,,,,,
i162,3501,36000,36501,40500,41001,64500,65001,78000,81001,94500,95501,103500,104001,111521,117523,139022,139523,171522,177523,189021,189523,226322,232324,247823,248324,249323,249824,259323,262324,312322,313324,340962,,,,,,,,,,,,,,,,,,,,,,,,,,,,,,,,,,,,,,,,,,,,,,,,,,,,,,,,,,,,,,,,,,,,,,,,,,
i165,3001,14000,14501,35999,36501,93500,94001,111761,117763,133261,133763,144762,145263,151762,152263,178762,179263,226539,,,,,,,,,,,,,,,,,,,,,,,,,,,,,,,,,,,,,,,,,,,,,,,,,,,,,,,,,,,,,,,,,,,,,,,,,,,,,,,,,,,,,,,,
i168,3001,20000,21001,25000,25501,40999,41501,42500,43001,54500,55001,102000,102501,111846,117848,123847,126848,131347,132348,134847,135348,146347,146848,147847,150848,160346,160848,212347,212848,220847,221348,221847,222348,226683,,,,,,,,,,,,,,,,,,,,,,,,,,,,,,,,,,,,,,,,,,,,,,,,,,,,,,,,,,,,,,,,,,,,,,,,
i171,3001,10499,11501,30000,33001,39000,51001,58000,58501,68500,69501,73000,73501,101000,101501,110500,111001,111818,117820,156819,162820,186819,189820,199819,200320,224319,224820,226626,232628,264126,264628,341445,,,,,,,,,,,,,,,,,,,,,,,,,,,,,,,,,,,,,,,,,,,,,,,,,,,,,,,,,,,,,,,,,,,,,,,,,,
i173,3001,10500,11001,30499,31001,74500,75501,79000,79501,82500,83001,86000,86501,107500,108501,111500,117776,176775,177276,202775,203776,226639,,,,,,,,,,,,,,,,,,,,,,,,,,,,,,,,,,,,,,,,,,,,,,,,,,,,,,,,,,,,,,,,,,,,,,,,,,,,,,,,,,,,
i174,3001,7500,9501,45000,45501,60000,61501,74000,74501,91000,91501,102500,104001,111000,111501,111843,117845,156844,159845,169843,170345,177844,178345,178844,179845,201844,202345,217344,217845,226675,,,,,,,,,,,,,,,,,,,,,,,,,,,,,,,,,,,,,,,,,,,,,,,,,,,,,,,,,,,,,,,,,,,,,,,,,,,,
i175,3001,14999,15501,19500,20001,32500,33001,33500,34001,40500,41001,42000,42501,76500,77001,84500,85001,93500,94001,105500,106001,111000,117771,126770,130271,133769,134271,155270,155771,209770,210271,226519,,,,,,,,,,,,,,,,,,,,,,,,,,,,,,,,,,,,,,,,,,,,,,,,,,,,,,,,,,,,,,,,,,,,,,,,,,
i181,3001,15000,18001,28999,29501,98000,98501,111861,117863,142362,142863,224861,225363,226698,,,,,,,,,,,,,,,,,,,,,,,,,,,,,,,,,,,,,,,,,,,,,,,,,,,,,,,,,,,,,,,,,,,,,,,,,,,,,,,,,,,,,,,,,,,,
i182,3001,21000,21501,26000,26501,29000,30001,45000,51001,60499,61501,83000,83501,99000,102001,112007,118009,133507,134009,162008,162509,197008,197509,226956,,,,,,,,,,,,,,,,,,,,,,,,,,,,,,,,,,,,,,,,,,,,,,,,,,,,,,,,,,,,,,,,,,,,,,,,,,,,,,,,,,
iv002,3001,3500,4501,15000,16001,25500,26001,35499,36501,97000,97501,102500,103001,106500,107501,108500,109001,111792,,,,,,,,,,,,,,,,,,,,,,,,,,,,,,,,,,,,,,,,,,,,,,,,,,,,,,,,,,,,,,,,,,,,,,,,,,,,,,,,,,,,,,,,
iv003,3001,20000,21001,25000,25501,46500,47001,53999,55001,72000,72501,83118,,,,,,,,,,,,,,,,,,,,,,,,,,,,,,,,,,,,,,,,,,,,,,,,,,,,,,,,,,,,,,,,,,,,,,,,,,,,,,,,,,,,,,,,,,,,,,
iv005,3001,45000,46001,60999,64001,83203,,,,,,,,,,,,,,,,,,,,,,,,,,,,,,,,,,,,,,,,,,,,,,,,,,,,,,,,,,,,,,,,,,,,,,,,,,,,,,,,,,,,,,,,,,,,,,,,,,,,
iv008,3001,30999,32001,66000,66501,69000,69501,70000,70501,77000,77501,79000,79501,81000,81501,88000,88501,96000,96501,108000,108501,111728,,,,,,,,,,,,,,,,,,,,,,,,,,,,,,,,,,,,,,,,,,,,,,,,,,,,,,,,,,,,,,,,,,,,,,,,,,,,,,,,,,,,
iv010,3001,14000,15501,30000,30501,48500,50001,53999,55001,68500,69001,111728,,,,,,,,,,,,,,,,,,,,,,,,,,,,,,,,,,,,,,,,,,,,,,,,,,,,,,,,,,,,,,,,,,,,,,,,,,,,,,,,,,,,,,,,,,,,,,
iv017,3001,24500,25501,33500,34001,51999,53501,60000,60501,67000,68001,71500,72001,111941,,,,,,,,,,,,,,,,,,,,,,,,,,,,,,,,,,,,,,,,,,,,,,,,,,,,,,,,,,,,,,,,,,,,,,,,,,,,,,,,,,,,,,,,,,,,
iv018,3501,12500,13001,23000,30001,69000,74001,75000,77001,84500,85001,108000,,,,,,,,,,,,,,,,,,,,,,,,,,,,,,,,,,,,,,,,,,,,,,,,,,,,,,,,,,,,,,,,,,,,,,,,,,,,,,,,,,,,,,,,,,,,,,
iv019,3001,45000,45501,51000,51501,53000,53501,69500,70001,75000,81001,84999,85501,111715,,,,,,,,,,,,,,,,,,,,,,,,,,,,,,,,,,,,,,,,,,,,,,,,,,,,,,,,,,,,,,,,,,,,,,,,,,,,,,,,,,,,,,,,,,,,
iv023,3001,14500,15501,19000,19501,20500,21001,37500,38001,67000,67501,76999,77501,91500,92001,111800,,,,,,,,,,,,,,,,,,,,,,,,,,,,,,,,,,,,,,,,,,,,,,,,,,,,,,,,,,,,,,,,,,,,,,,,,,,,,,,,,,,,,,,,,,
iv026,3001,20500,21001,26000,26501,83499,84501,96000,96501,111759,,,,,,,,,,,,,,,,,,,,,,,,,,,,,,,,,,,,,,,,,,,,,,,,,,,,,,,,,,,,,,,,,,,,,,,,,,,,,,,,,,,,,,,,,,,,,,,,
iv028,3001,12000,13501,14999,16001,54000,54501,62500,63001,89500,90001,111948,,,,,,,,,,,,,,,,,,,,,,,,,,,,,,,,,,,,,,,,,,,,,,,,,,,,,,,,,,,,,,,,,,,,,,,,,,,,,,,,,,,,,,,,,,,,,,
iv030,3001,6500,7501,80499,81501,83000,84001,90000,90501,111943,,,,,,,,,,,,,,,,,,,,,,,,,,,,,,,,,,,,,,,,,,,,,,,,,,,,,,,,,,,,,,,,,,,,,,,,,,,,,,,,,,,,,,,,,,,,,,,,
iv031,3001,9500,10001,20000,20501,24500,25501,26500,27001,27500,28001,58000,58501,64499,66001,111710,,,,,,,,,,,,,,,,,,,,,,,,,,,,,,,,,,,,,,,,,,,,,,,,,,,,,,,,,,,,,,,,,,,,,,,,,,,,,,,,,,,,,,,,,,
iv034,3001,8000,9001,28500,29001,45999,47001,76000,76501,90500,91501,93000,93501,96000,99501,111920,,,,,,,,,,,,,,,,,,,,,,,,,,,,,,,,,,,,,,,,,,,,,,,,,,,,,,,,,,,,,,,,,,,,,,,,,,,,,,,,,,,,,,,,,,
iv037,3001,14500,15001,21999,23001,32000,33001,55500,57001,82000,82501,99500,100001,111979,,,,,,,,,,,,,,,,,,,,,,,,,,,,,,,,,,,,,,,,,,,,,,,,,,,,,,,,,,,,,,,,,,,,,,,,,,,,,,,,,,,,,,,,,,,,
iv039,3001,28000,28501,35499,36501,39000,39501,40000,40501,47000,47501,49500,50001,57500,58501,70000,70501,75500,76001,89000,89501,96000,96501,111764,,,,,,,,,,,,,,,,,,,,,,,,,,,,,,,,,,,,,,,,,,,,,,,,,,,,,,,,,,,,,,,,,,,,,,,,,,,,,,,,,,
iv040,3001,12000,12501,16499,17501,18500,19501,27500,28001,51000,54001,57000,69001,80000,80501,93500,94001,103000,103501,111000,,,,,,,,,,,,,,,,,,,,,,,,,,,,,,,,,,,,,,,,,,,,,,,,,,,,,,,,,,,,,,,,,,,,,,,,,,,,,,,,,,,,,,
iv041,3001,4500,6001,24500,25501,36000,37001,38000,39001,89000,89501,90500,91501,92500,93001,109500,110501,111743,,,,,,,,,,,,,,,,,,,,,,,,,,,,,,,,,,,,,,,,,,,,,,,,,,,,,,,,,,,,,,,,,,,,,,,,,,,,,,,,,,,,,,,,
iv045,6001,15000,18001,36000,36501,39000,39501,83500,84001,106499,107501,109500,110001,111741,,,,,,,,,,,,,,,,,,,,,,,,,,,,,,,,,,,,,,,,,,,,,,,,,,,,,,,,,,,,,,,,,,,,,,,,,,,,,,,,,,,,,,,,,,,,
iv048,3001,33999,34501,111856,,,,,,,,,,,,,,,,,,,,,,,,,,,,,,,,,,,,,,,,,,,,,,,,,,,,,,,,,,,,,,,,,,,,,,,,,,,,,,,,,,,,,,,,,,,,,,,,,,,,,,
iv049,3001,30500,31501,64500,65001,66500,69001,99000,102001,111000,,,,,,,,,,,,,,,,,,,,,,,,,,,,,,,,,,,,,,,,,,,,,,,,,,,,,,,,,,,,,,,,,,,,,,,,,,,,,,,,,,,,,,,,,,,,,,,,
iv052,3001,6500,8001,25500,26001,31000,31501,33000,34001,87000,91001,96000,98001,104500,106001,111787,,,,,,,,,,,,,,,,,,,,,,,,,,,,,,,,,,,,,,,,,,,,,,,,,,,,,,,,,,,,,,,,,,,,,,,,,,,,,,,,,,,,,,,,,,
iv055,3001,3500,4001,12000,15001,33999,35501,56000,56501,65000,65501,102000,105001,111915,,,,,,,,,,,,,,,,,,,,,,,,,,,,,,,,,,,,,,,,,,,,,,,,,,,,,,,,,,,,,,,,,,,,,,,,,,,,,,,,,,,,,,,,,,,,
iv056,3001,18000,21001,22499,24001,30500,32001,39500,40001,47000,47501,55000,55501,72000,72501,73500,74001,79000,79501,81000,84001,85500,86001,111925,,,,,,,,,,,,,,,,,,,,,,,,,,,,,,,,,,,,,,,,,,,,,,,,,,,,,,,,,,,,,,,,,,,,,,,,,,,,,,,,,,
iv057,3001,4000,5501,15500,16001,25000,26001,26999,28001,32500,33501,39500,40001,42500,43001,44000,45501,59500,61001,62500,64001,72000,73001,73500,74501,90000,90501,98000,98501,111915,,,,,,,,,,,,,,,,,,,,,,,,,,,,,,,,,,,,,,,,,,,,,,,,,,,,,,,,,,,,,,,,,,,,,,,,,,,,
iv058,4501,7999,8501,21000,22001,32000,32501,33000,34501,40500,41001,42000,42501,51500,52001,68500,69001,88500,89001,95500,96501,111738,,,,,,,,,,,,,,,,,,,,,,,,,,,,,,,,,,,,,,,,,,,,,,,,,,,,,,,,,,,,,,,,,,,,,,,,,,,,,,,,,,,,
iv059,3001,13000,14001,15000,15501,17000,17501,39500,40001,46500,47001,90500,91001,109499,110501,111910,,,,,,,,,,,,,,,,,,,,,,,,,,,,,,,,,,,,,,,,,,,,,,,,,,,,,,,,,,,,,,,,,,,,,,,,,,,,,,,,,,,,,,,,,,
iv060,3001,12000,21001,24000,30001,45000,48001,104499,105501,111000,,,,,,,,,,,,,,,,,,,,,,,,,,,,,,,,,,,,,,,,,,,,,,,,,,,,,,,,,,,,,,,,,,,,,,,,,,,,,,,,,,,,,,,,,,,,,,,,
iv061,3001,4500,5501,33499,35001,54500,55001,63000,64001,65500,66001,106500,107001,111882,,,,,,,,,,,,,,,,,,,,,,,,,,,,,,,,,,,,,,,,,,,,,,,,,,,,,,,,,,,,,,,,,,,,,,,,,,,,,,,,,,,,,,,,,,,,
iv062,6001,6500,8001,11000,13501,59500,60001,61000,62001,66500,67001,75000,78001,83000,86001,111500,,,,,,,,,,,,,,,,,,,,,,,,,,,,,,,,,,,,,,,,,,,,,,,,,,,,,,,,,,,,,,,,,,,,,,,,,,,,,,,,,,,,,,,,,,
iv063,3001,7500,8001,20500,24001,34000,35501,39500,40501,42000,44001,60000,63001,78500,79001,83500,84001,84500,86001,98500,100001,111723,,,,,,,,,,,,,,,,,,,,,,,,,,,,,,,,,,,,,,,,,,,,,,,,,,,,,,,,,,,,,,,,,,,,,,,,,,,,,,,,,,,,
iv064,3001,53000,53501,56000,57001,58000,58501,63000,63501,72000,72501,73500,74001,80000,80501,84000,90001,91500,92501,96500,97001,97500,98001,101500,102001,111895,,,,,,,,,,,,,,,,,,,,,,,,,,,,,,,,,,,,,,,,,,,,,,,,,,,,,,,,,,,,,,,,,,,,,,,,,,,,,,,,
iv065,3001,5000,6001,9000,10001,27500,28001,32000,32501,35500,36001,46500,47001,62500,64001,82500,83001,102000,102501,109999,111001,111956,,,,,,,,,,,,,,,,,,,,,,,,,,,,,,,,,,,,,,,,,,,,,,,,,,,,,,,,,,,,,,,,,,,,,,,,,,,,,,,,,,,,
iv066,3001,11000,11501,14500,15001,54500,55501,59000,59501,61500,62001,62500,63001,63500,64501,65000,65501,73500,74501,79500,80001,92499,93501,111943,,,,,,,,,,,,,,,,,,,,,,,,,,,,,,,,,,,,,,,,,,,,,,,,,,,,,,,,,,,,,,,,,,,,,,,,,,,,,,,,,,
iv067,3001,3500,4501,9000,9501,12000,18001,53000,54001,81500,82501,85500,86001,86500,88001,111854,117856,119855,120356,120855,121856,137355,138356,139355,139856,143355,143856,144855,146856,158855,159356,159855,160356,161855,162356,163355,164356,165355,166356,167354,168856,192355,193856,197355,198356,200355,202856,223355,223856,224855,226356,226729,,,,,,,,,,,,,,,,,,,,,,,,,,,,,,,,,,,,,,,,,,,,,,,,,,,,,,
iv068,3001,9500,10501,18500,19001,19500,21501,35500,36501,42500,43501,59500,60001,60500,62001,70500,71001,78000,78501,79000,80501,88500,90501,94000,94501,95499,97501,111895,117897,128396,128897,139396,139897,191896,193397,226788,,,,,,,,,,,,,,,,,,,,,,,,,,,,,,,,,,,,,,,,,,,,,,,,,,,,,,,,,,,,,,,,,,,,,,
iv070,3001,49500,50501,69500,71001,101500,102001,102500,104001,105500,107001,111900,117902,129901,130902,147901,148902,178401,180402,182901,185402,185901,186902,190401,191402,191901,192402,194401,194902,195401,195902,198901,200402,205401,205902,226401,,,,,,,,,,,,,,,,,,,,,,,,,,,,,,,,,,,,,,,,,,,,,,,,,,,,,,,,,,,,,,,,,,,,,,
iv077,3001,27000,33001,60499,61501,66000,66501,78000,78501,84000,87001,90000,96501,111905,117907,189906,190407,211405,211907,226831,,,,,,,,,,,,,,,,,,,,,,,,,,,,,,,,,,,,,,,,,,,,,,,,,,,,,,,,,,,,,,,,,,,,,,,,,,,,,,,,,,,,,,
iv079,3001,11000,11501,31000,31501,34000,35001,36000,39001,107999,108501,111959,,,,,,,,,,,,,,,,,,,,,,,,,,,,,,,,,,,,,,,,,,,,,,,,,,,,,,,,,,,,,,,,,,,,,,,,,,,,,,,,,,,,,,,,,,,,,,
iv083,4501,11999,13001,26500,27001,36000,42001,57500,58501,74500,75501,111790,,,,,,,,,,,,,,,,,,,,,,,,,,,,,,,,,,,,,,,,,,,,,,,,,,,,,,,,,,,,,,,,,,,,,,,,,,,,,,,,,,,,,,,,,,,,,,
iv084,3001,3499,4001,14500,15001,25500,26001,29500,30001,31000,31501,42000,42501,65000,65501,81000,81501,82500,83001,93500,94001,110000,110501,111941,,,,,,,,,,,,,,,,,,,,,,,,,,,,,,,,,,,,,,,,,,,,,,,,,,,,,,,,,,,,,,,,,,,,,,,,,,,,,,,,,,
iv088,3001,8499,9501,19000,19501,20000,21501,27500,29001,34000,36001,65500,66001,111930,,,,,,,,,,,,,,,,,,,,,,,,,,,,,,,,,,,,,,,,,,,,,,,,,,,,,,,,,,,,,,,,,,,,,,,,,,,,,,,,,,,,,,,,,,,,
iv089,3001,22000,22501,25500,26001,29000,34001,34500,35001,35500,36001,37000,37501,38500,39001,39500,40501,41000,42001,42500,43001,44000,44501,45000,45501,46500,47001,48000,48501,49000,50001,50500,51001,52000,52501,53000,54001,54500,55001,56000,56501,57500,58001,59000,59501,60000,60501,61500,62001,62500,63001,64000,64501,67000,67501,69500,70001,73500,74001,75000,75501,76500,77001,77500,78001,79000,79501,80500,81001,84500,85001,102500,103001,104000,105501,107500,108501,110000,111001,111710,,,,,,,,,,,,,,,,,,,,,,,,,,
iv091,3001,40000,40501,52000,53501,57000,58501,100500,101001,111902,,,,,,,,,,,,,,,,,,,,,,,,,,,,,,,,,,,,,,,,,,,,,,,,,,,,,,,,,,,,,,,,,,,,,,,,,,,,,,,,,,,,,,,,,,,,,,,,
iv092,3001,11500,12501,13000,13501,15500,16001,16999,19001,32500,33001,42500,43501,48000,48501,75000,81001,89000,89501,99000,108001,110000,110501,111787,,,,,,,,,,,,,,,,,,,,,,,,,,,,,,,,,,,,,,,,,,,,,,,,,,,,,,,,,,,,,,,,,,,,,,,,,,,,,,,,,,
iv098,3001,19500,20001,76500,77001,78500,83501,84000,87001,103500,104001,111738,,,,,,,,,,,,,,,,,,,,,,,,,,,,,,,,,,,,,,,,,,,,,,,,,,,,,,,,,,,,,,,,,,,,,,,,,,,,,,,,,,,,,,,,,,,,,,
iv102,3001,39500,40001,54000,57001,60000,63001,82000,82501,105500,106001,109000,109501,111759,,,,,,,,,,,,,,,,,,,,,,,,,,,,,,,,,,,,,,,,,,,,,,,,,,,,,,,,,,,,,,,,,,,,,,,,,,,,,,,,,,,,,,,,,,,,
iv103,3001,3500,4001,6500,7001,46500,47001,59000,59501,60499,61001,61500,62001,62500,63001,93000,96001,104500,105001,106500,107001,107500,108001,111720,,,,,,,,,,,,,,,,,,,,,,,,,,,,,,,,,,,,,,,,,,,,,,,,,,,,,,,,,,,,,,,,,,,,,,,,,,,,,,,,,,
iv106,3001,6500,7001,49500,50001,50500,51001,53000,54001,61500,62001,67000,67501,90500,91001,91499,92501,111884,,,,,,,,,,,,,,,,,,,,,,,,,,,,,,,,,,,,,,,,,,,,,,,,,,,,,,,,,,,,,,,,,,,,,,,,,,,,,,,,,,,,,,,,
iv114,3001,6000,7001,7500,9001,13000,13501,17500,18001,29000,29501,64000,64501,69000,70001,73500,74001,79500,80001,81500,82001,87500,88001,88500,90001,91000,92501,99000,99501,111889,,,,,,,,,,,,,,,,,,,,,,,,,,,,,,,,,,,,,,,,,,,,,,,,,,,,,,,,,,,,,,,,,,,,,,,,,,,,
iv115,3001,5500,6001,10000,10501,36500,37001,39500,40001,43000,43501,78500,79001,80000,80501,87000,87501,89999,90501,103000,104001,111741,,,,,,,,,,,,,,,,,,,,,,,,,,,,,,,,,,,,,,,,,,,,,,,,,,,,,,,,,,,,,,,,,,,,,,,,,,,,,,,,,,,,
iv122,3001,28500,29001,29500,30501,45500,46001,60499,61501,76000,77001,77500,78001,79000,80001,84500,85001,107000,107501,111738,,,,,,,,,,,,,,,,,,,,,,,,,,,,,,,,,,,,,,,,,,,,,,,,,,,,,,,,,,,,,,,,,,,,,,,,,,,,,,,,,,,,,,
iv124,3001,50500,51001,56000,57001,57500,58001,59000,60001,62000,63001,64000,65001,77499,79001,91500,92001,99000,99501,103000,103501,106000,106501,107000,107501,109000,109501,110500,111001,111976,,,,,,,,,,,,,,,,,,,,,,,,,,,,,,,,,,,,,,,,,,,,,,,,,,,,,,,,,,,,,,,,,,,,,,,,,,,,
iv126,3001,18000,19001,19500,20501,23500,25501,26000,27001,29000,30501,61500,63501,66500,67501,69000,71501,90000,90501,110500,111501,111733,,,,,,,,,,,,,,,,,,,,,,,,,,,,,,,,,,,,,,,,,,,,,,,,,,,,,,,,,,,,,,,,,,,,,,,,,,,,,,,,,,,,
iv129,3001,98499,99001,111741,,,,,,,,,,,,,,,,,,,,,,,,,,,,,,,,,,,,,,,,,,,,,,,,,,,,,,,,,,,,,,,,,,,,,,,,,,,,,,,,,,,,,,,,,,,,,,,,,,,,,,
iv131,3001,26500,27001,47000,47501,89000,89501,95499,97001,98000,99001,102500,103001,107500,109001,111964,,,,,,,,,,,,,,,,,,,,,,,,,,,,,,,,,,,,,,,,,,,,,,,,,,,,,,,,,,,,,,,,,,,,,,,,,,,,,,,,,,,,,,,,,,
iv132,3001,8500,9001,24500,25001,35000,36501,43500,44001,50500,51501,72000,75001,86500,87501,93499,94501,111951,,,,,,,,,,,,,,,,,,,,,,,,,,,,,,,,,,,,,,,,,,,,,,,,,,,,,,,,,,,,,,,,,,,,,,,,,,,,,,,,,,,,,,,,
iv133,3001,13500,14001,25000,25501,61500,62001,63000,63501,67500,69001,72500,73001,79500,81501,111951,117953,118452,119453,130952,132453,146452,146953,147452,148453,157952,158453,178952,181453,194952,195453,204952,206453,210952,211953,217451,219453,219952,220953,223452,224453,226890,,,,,,,,,,,,,,,,,,,,,,,,,,,,,,,,,,,,,,,,,,,,,,,,,,,,,,,,,,,,,,,,
iv134,3001,20000,20501,33000,35001,48000,48501,107000,108001,108499,109501,111779,117781,190280,191281,202280,202781,203280,206281,213780,214281,214780,216281,216780,217281,217780,218781,224780,226281,226511,,,,,,,,,,,,,,,,,,,,,,,,,,,,,,,,,,,,,,,,,,,,,,,,,,,,,,,,,,,,,,,,,,,,,,,,,,,,
iv136,4501,8000,8501,14000,14501,15500,17001,17499,19001,20000,21501,24000,24501,26500,30001,30500,31501,32500,33001,42500,45001,46000,46501,49000,49501,57000,58001,58500,60001,61500,62001,81000,81501,85500,86001,88500,89001,93000,93501,94500,95001,101000,101501,102000,102501,106000,106501,107500,108001,111726,,,,,,,,,,,,,,,,,,,,,,,,,,,,,,,,,,,,,,,,,,,,,,,,,,,,,,,,
iv137,3001,4500,5001,12000,15001,17500,18001,28000,29501,75000,81001,111499,,,,,,,,,,,,,,,,,,,,,,,,,,,,,,,,,,,,,,,,,,,,,,,,,,,,,,,,,,,,,,,,,,,,,,,,,,,,,,,,,,,,,,,,,,,,,,
iv138,3001,10500,11001,15000,16001,17500,19501,62500,64501,82000,83501,86500,91501,92000,92501,93000,93501,111000,111501,111866,,,,,,,,,,,,,,,,,,,,,,,,,,,,,,,,,,,,,,,,,,,,,,,,,,,,,,,,,,,,,,,,,,,,,,,,,,,,,,,,,,,,,,
iv139,3001,8000,9501,13000,13501,18000,20501,37500,38001,48500,49501,111866,,,,,,,,,,,,,,,,,,,,,,,,,,,,,,,,,,,,,,,,,,,,,,,,,,,,,,,,,,,,,,,,,,,,,,,,,,,,,,,,,,,,,,,,,,,,,,
iv140,3001,27500,29001,37000,40501,42000,44501,75500,76001,80000,81001,97500,99501,111866,,,,,,,,,,,,,,,,,,,,,,,,,,,,,,,,,,,,,,,,,,,,,,,,,,,,,,,,,,,,,,,,,,,,,,,,,,,,,,,,,,,,,,,,,,,,
iv141,3501,16500,18001,23500,24001,24500,25001,29500,31501,65000,65501,67000,67501,111000,111501,111820,117822,127821,128322,150321,150822,175321,175822,192821,193822,194821,195322,203321,203822,207821,209322,209821,210322,210821,211322,211820,212322,215321,215822,220321,220822,222321,223322,226654,,,,,,,,,,,,,,,,,,,,,,,,,,,,,,,,,,,,,,,,,,,,,,,,,,,,,,,,,,,,,,
iv142,3001,31000,32001,32500,33501,34000,34501,46500,47001,50000,52001,111831,,,,,,,,,,,,,,,,,,,,,,,,,,,,,,,,,,,,,,,,,,,,,,,,,,,,,,,,,,,,,,,,,,,,,,,,,,,,,,,,,,,,,,,,,,,,,,
iv143,3001,54500,55001,55500,60001,63000,63501,68500,69001,80000,82001,94000,94501,111802,117804,118303,118804,127303,131304,150803,153804,154303,154804,159303,159804,205303,206804,211303,211804,214803,215804,220803,221304,226595,,,,,,,,,,,,,,,,,,,,,,,,,,,,,,,,,,,,,,,,,,,,,,,,,,,,,,,,,,,,,,,,,,,,,,,,
iv144,3001,6500,7001,12000,16501,21000,21501,41500,42001,70500,71001,75500,76001,86000,87001,111797,,,,,,,,,,,,,,,,,,,,,,,,,,,,,,,,,,,,,,,,,,,,,,,,,,,,,,,,,,,,,,,,,,,,,,,,,,,,,,,,,,,,,,,,,,
iv145,3001,26500,27501,61000,62001,110500,111001,111777,,,,,,,,,,,,,,,,,,,,,,,,,,,,,,,,,,,,,,,,,,,,,,,,,,,,,,,,,,,,,,,,,,,,,,,,,,,,,,,,,,,,,,,,,,,,,,,,,,
iv146,3001,5000,5501,59499,61501,111743,,,,,,,,,,,,,,,,,,,,,,,,,,,,,,,,,,,,,,,,,,,,,,,,,,,,,,,,,,,,,,,,,,,,,,,,,,,,,,,,,,,,,,,,,,,,,,,,,,,,
iv147,3001,6500,7001,8000,10001,15500,16001,22500,23001,25000,28001,31000,32501,33000,33501,35500,37501,39000,40001,42000,44501,95000,95501,107000,109001,111802,,,,,,,,,,,,,,,,,,,,,,,,,,,,,,,,,,,,,,,,,,,,,,,,,,,,,,,,,,,,,,,,,,,,,,,,,,,,,,,,
ic002,3001,26000,26501,66499,67001,117000,123706,126705,132706,143205,144206,176705,177206,193705,195206,201705,202206,225205,225706,231705,232706,234205,234706,238393,,,,,,,,,,,,,,,,,,,,,,,,,,,,,,,,,,,,,,,,,,,,,,,,,,,,,,,,,,,,,,,,,,,,,,,,,,,,,,,,,,
ic003,3001,11000,11501,42499,43001,90000,93501,109500,110001,111000,112501,117683,123685,151684,152185,193184,193685,197184,198185,198684,199185,214684,216185,236184,236685,238362,244364,285863,286864,292863,293364,299863,300864,304863,305364,307363,308364,315363,315864,325363,325864,357363,,,,,,,,,,,,,,,,,,,,,,,,,,,,,,,,,,,,,,,,,,,,,,,,,,,,,,,,,,,,,,,,
ic004,3001,24000,25001,26000,26501,34000,35001,58000,58501,66999,68001,117688,123690,144689,145190,173689,174190,184689,185690,189189,190190,200689,202190,205189,205690,222189,222690,224689,225190,238375,244377,259376,260877,261876,262377,267876,268377,281376,281877,286376,289377,300876,301377,304376,304877,307376,316377,322376,323377,325376,328377,359057,,,,,,,,,,,,,,,,,,,,,,,,,,,,,,,,,,,,,,,,,,,,,,,,,,,,,,
ic005,3001,18000,18501,30499,31001,37000,37501,56500,57001,91000,91501,102500,103001,117701,123703,141702,142203,182702,183203,215202,215703,219702,221203,231702,244392,245391,246892,280891,281392,316891,317392,317891,318392,325390,326392,335391,335892,359074,,,,,,,,,,,,,,,,,,,,,,,,,,,,,,,,,,,,,,,,,,,,,,,,,,,,,,,,,,,,,,,,,,,,
ic007,3001,21000,21501,26000,26501,27000,27501,29500,30001,61000,62501,77500,78001,83000,84501,99500,100001,117514,123516,132015,132516,135515,138516,140515,141016,151515,152016,152515,153516,160015,161016,208015,208516,221015,221516,223514,225016,237970,243972,245471,246472,265471,265972,285971,288472,295471,296472,298971,300472,316471,316972,337971,338472,356471,357472,358429,,,,,,,,,,,,,,,,,,,,,,,,,,,,,,,,,,,,,,,,,,,,,,,,,,
ic008,3001,12500,13001,48500,49001,67500,69001,69500,70001,72000,72501,78500,80001,84999,86001,86500,88001,107000,107501,108500,110001,117696,123698,141697,142198,158197,159698,167697,168698,177697,178198,179197,179698,187197,187698,190697,191198,192697,194198,194696,196198,212197,212698,222697,223198,228697,229698,238385,244387,248386,248887,258886,259387,261386,261887,280386,280887,296885,297387,318386,318887,331386,334387,334886,335387,337386,337887,359046,,,,,,,,,,,,,,,,,,,,,,,,,,,,,,,,,,,,,,
ic009,3001,30500,31501,32000,33501,42000,42501,63500,64001,69000,70001,91500,92001,92500,93001,97500,98001,117634,123636,146135,147636,148135,148636,151635,152136,153635,155636,156135,156636,157135,158636,159635,160136,160635,162636,165635,166636,167135,169636,175135,176636,186135,187636,195635,196136,198635,201636,204635,205636,210635,211136,211635,215136,218135,220136,221135,223636,226135,227636,229135,229636,233635,234636,235635,236136,238272,244274,253773,254774,255273,255774,256273,257274,266273,266774,268273,271274,274273,275774,279273,279774,283272,285274,295273,295774,318273,318774,340773,342774,348773,351274,351773,352274,358918,,,,,,,,,,,,
ic010,3001,26000,26501,79499,80001,117663,123665,130164,131165,135664,137665,140164,140665,143664,145165,154164,155165,155664,156665,195664,198165,198664,200165,202664,204665,222164,223165,223664,224665,238332,244334,264333,264834,267333,268334,268833,270334,276333,277334,278833,279334,281333,283834,284333,284834,287333,287834,289833,292834,308333,310334,315833,316334,323332,332834,343333,343834,359003,,,,,,,,,,,,,,,,,,,,,,,,,,,,,,,,,,,,,,,,,,,,,,,,
ic011,3001,8500,9501,27500,28001,31000,31501,46500,47001,48000,49001,81500,83001,96000,97001,98000,99501,101000,101501,105000,106001,108999,110501,111000,111501,114500,115501,117494,123496,126495,130996,135995,136996,138495,138996,152495,152996,154995,155496,155995,156496,157995,158496,159995,161496,165995,166496,166995,167496,167995,168996,172995,173496,191495,192496,200495,202496,237958,243960,293459,293960,297959,300960,328959,329460,338959,339460,346459,349460,358414,,,,,,,,,,,,,,,,,,,,,,,,,,,,,,,,,,,,
ic012,3001,9500,10001,26000,27001,37500,38501,50000,53001,56500,57001,58000,59001,82500,83501,89500,94001,117711,123713,145712,146713,147212,148213,163212,164213,171212,171713,172212,173713,199711,201213,213212,213713,214212,216213,238398,244400,250399,253400,254899,256400,294399,294900,298899,299900,305899,306900,308899,309900,314899,316400,324899,325400,326898,328400,329899,330400,339399,339900,341399,344400,349399,351400,353399,354900,359092,,,,,,,,,,,,,,,,,,,,,,,,,,,,,,,,,,,,,,,,
ic014,3001,30500,31501,53000,53501,54000,55501,60000,63001,64500,65001,65500,67001,73500,74001,84000,84501,87000,88001,95500,96001,96500,99001,113000,114001,114500,116501,117721,123723,161722,162223,174722,175223,180722,181723,182222,182723,183222,184223,191222,191723,199722,200223,209222,210723,219222,219723,220721,222223,238436,244938,245437,246938,251937,252438,278937,279938,282437,282938,283437,284438,285437,286438,304437,307438,313437,314438,324437,325938,329937,330438,330937,334938,339437,339938,342937,343938,355937,356438,357437,358438,359143,,,,,,,,,,,,,,,,,,,,,,,,
ic016,3001,26500,27501,28000,29501,103500,104501,105000,106001,117747,123749,134748,135249,149747,150749,222248,222749,223748,225249,228748,231749,238477,244479,256478,257979,281978,282979,302978,304479,305978,306479,307478,308479,319978,321979,322478,322979,331978,332979,335478,336479,352478,352979,354478,358479,359199,,,,,,,,,,,,,,,,,,,,,,,,,,,,,,,,,,,,,,,,,,,,,,,,,,,,,,,,,,,,
ic017,3001,29000,30001,67499,68001,117670,123672,147671,148172,149171,150172,169671,170172,174171,175172,175671,177172,226171,226672,237171,237672,238346,244348,249847,251348,317847,318348,318847,319348,325847,326348,327347,328348,340847,341348,342347,343348,359025,,,,,,,,,,,,,,,,,,,,,,,,,,,,,,,,,,,,,,,,,,,,,,,,,,,,,,,,,,,,,,,,,,,,
ic018,3001,34500,36001,43000,45001,45500,46501,52000,53501,65500,66001,66500,68001,107000,107501,108000,109501,117537,123539,157038,158039,159038,160039,160538,161539,238044,244046,275545,277546,281045,281546,282545,285546,287545,288046,301045,302546,310545,312546,316045,317046,318545,319546,341545,342546,358536,,,,,,,,,,,,,,,,,,,,,,,,,,,,,,,,,,,,,,,,,,,,,,,,,,,,,,,,,,,,
ic022,3001,5000,6001,13000,14501,68000,69501,74500,77001,88500,89001,94000,95001,101000,101501,109000,111001,117668,123670,180669,183670,188669,189170,218169,218670,238339,253341,282340,283841,290340,291841,295840,296341,336840,339341,340340,343341,344840,346841,355340,355841,356840,357341,359010,,,,,,,,,,,,,,,,,,,,,,,,,,,,,,,,,,,,,,,,,,,,,,,,,,,,,,,,,,,,,,
ic023,3001,37000,38001,61500,62001,77000,77501,83500,84001,88999,90501,96500,98501,117460,123462,136961,137962,149460,151462,181461,181962,237909,243911,246910,247911,271410,272411,272910,273911,281410,282411,296410,297411,318410,319911,326910,328911,329910,330411,358373,,,,,,,,,,,,,,,,,,,,,,,,,,,,,,,,,,,,,,,,,,,,,,,,,,,,,,,,,,,,,,,,,,
ic025,3001,35500,36001,44499,45501,47000,48001,74500,75001,83500,84001,86500,87001,88000,88501,89500,90501,100500,101001,101500,102501,105500,106001,115000,115501,116000,116501,117483,123485,151984,152985,186984,187485,191484,191985,192984,193985,205484,205985,237949,244951,245450,246451,283950,284951,285450,285951,356449,,,,,,,,,,,,,,,,,,,,,,,,,,,,,,,,,,,,,,,,,,,,,,,,,,,,,,,,,,
ic026,3001,68500,69501,81500,82501,83000,83501,86000,87501,90000,99001,117724,,,,,,,,,,,,,,,,,,,,,,,,,,,,,,,,,,,,,,,,,,,,,,,,,,,,,,,,,,,,,,,,,,,,,,,,,,,,,,,,,,,,,,,,,,,,,,
ic028,3001,26500,27001,90999,92501,93000,94001,95500,96001,100000,101501,117719,124221,135220,135721,161220,162721,169220,169721,170720,171721,194220,194721,205720,206221,208220,208721,214220,214721,228720,229221,238424,244426,251425,251926,268425,270426,319425,332426,333925,335426,337425,340426,346425,352426,352925,354926,355425,355926,356925,357926,358425,,,,,,,,,,,,,,,,,,,,,,,,,,,,,,,,,,,,,,,,,,,,,,,,,,,,,,
ic029,3001,13000,13501,25499,27001,28000,31001,38500,39501,42000,43501,47500,48501,50000,52001,54000,55501,86000,87001,87500,88501,102000,103001,106000,107001,110000,111001,117647,123649,125148,125649,127148,129149,136148,137649,138648,139149,143648,144149,144648,146149,157148,158649,159648,160149,174148,175149,177648,180649,181647,183649,189148,189649,196648,198149,232648,233649,236148,237149,238295,244297,262796,263797,275296,276297,323295,323797,324296,325797,334296,337297,337796,338297,340296,343297,358943,,,,,,,,,,,,,,,,,,,,,,,,,,,,,,
ic030,3001,23500,24001,25000,26501,35000,35501,75500,76501,114000,117001,117709,123711,125710,126211,131210,131711,137210,138211,144210,148211,156710,158211,183210,183711,184210,185711,197710,198211,205710,206711,214710,216211,230710,231211,238416,244418,267917,268918,269417,270418,277917,278418,325417,328418,331417,332418,337917,338418,352417,353918,358417,,,,,,,,,,,,,,,,,,,,,,,,,,,,,,,,,,,,,,,,,,,,,,,,,,,,,,
ic032,3001,18000,18501,29500,30501,45500,46501,61000,63001,68500,70501,71500,72001,76000,76501,107000,108001,117724,123726,131725,132226,146225,146726,170725,171226,175225,176726,183725,185226,191225,191726,192225,194226,194725,197226,208225,208726,212725,213226,213725,214226,225225,226226,235225,235726,238225,244441,280940,281941,294439,295941,299940,300441,350940,351441,359146,,,,,,,,,,,,,,,,,,,,,,,,,,,,,,,,,,,,,,,,,,,,,,,,,,
ic035,3001,14500,16501,20000,21001,40500,41001,50500,51001,51500,53001,55000,56001,63000,63501,66500,67501,68000,69001,77500,79001,91000,93001,95500,96501,114999,116501,117627,123629,127628,129129,135128,137129,137628,139129,148628,149629,169128,170129,180128,181129,183128,183629,197128,197629,200628,201129,202128,203129,203628,204629,205128,205629,207628,208629,209128,209629,212127,213129,220628,221629,222628,223629,224128,224629,227628,228629,236628,237129,238128,244264,271263,273264,279263,280764,313763,314264,315263,316764,317263,317764,321263,321764,322263,323264,323763,325764,327263,327764,330263,330764,331763,332264,334263,343264,358263,358764,358903,,,,,,,,
ic037,3001,30000,33001,38500,39501,40000,41001,58000,58501,59000,60501,77000,78001,88000,89501,117478,123480,130979,131480,145979,146980,151479,151980,158979,160980,166979,168980,172979,173480,174479,175980,191479,191980,199479,199980,201979,202480,209979,210980,221979,223480,237991,243993,246992,248493,253992,255493,264492,264993,338492,338993,358486,,,,,,,,,,,,,,,,,,,,,,,,,,,,,,,,,,,,,,,,,,,,,,,,,,,,,,
ic038,3001,13000,13501,23000,23501,23999,25001,33500,34001,65000,65501,76000,76501,84500,85001,117755,123757,127256,127757,129255,130257,159756,160257,182256,182757,193756,194257,210756,213757,216256,216757,218256,218757,228256,228757,229256,230757,238490,,,,,,,,,,,,,,,,,,,,,,,,,,,,,,,,,,,,,,,,,,,,,,,,,,,,,,,,,,,,,,,,,,,,
ic042,3001,22500,23501,49500,50001,50500,51501,59500,61501,69000,69501,78000,78501,79500,80501,81000,81501,112000,113001,113500,114001,117494,123496,124995,125496,126995,127496,130995,133496,133995,134496,140995,141496,162995,164996,178495,178996,184995,185496,186494,187496,214995,215496,237495,243978,303477,303978,305477,306478,323977,325478,326977,327478,332477,334478,358455,,,,,,,,,,,,,,,,,,,,,,,,,,,,,,,,,,,,,,,,,,,,,,,,,,
ic043,3001,6500,7001,22499,23501,26000,26501,35000,35501,36000,37501,58000,58501,66000,66501,71000,71501,72000,73501,74000,74501,87500,88001,95500,96001,96500,97501,117742,123744,132743,133244,142243,142744,149243,149744,159243,159744,162243,165744,167743,169744,170743,171244,181743,182244,183243,183744,186743,187244,189243,190244,192243,193244,193743,195244,196742,200244,205243,209244,221243,222244,225243,225744,229743,230244,230743,232244,233243,234244,235743,236744,238472,244474,255973,256474,256972,257974,264473,265974,276473,277474,277973,278474,299473,299974,302973,303974,305973,306474,326973,327474,327973,328974,341473,342974,343973,344974,345473,345974,346473,347474,352973,353474,354473,356474,359194
ic045,3001,61500,62001,63500,64001,65000,66001,80000,80501,104500,105001,106000,108001,110500,112001,115500,123695,142194,142695,168694,169195,189693,190695,238382,244884,262883,263384,278383,278884,282883,283384,284883,285884,330383,330884,331883,332884,335383,335884,343383,346384,347882,348884,359053,,,,,,,,,,,,,,,,,,,,,,,,,,,,,,,,,,,,,,,,,,,,,,,,,,,,,,,,,,,,,,
ic046,3001,31500,32001,36500,37001,48000,48501,55000,56501,57500,58501,61500,63001,66000,68001,80500,81501,82000,83001,83500,84001,85000,86001,88500,89501,93500,94501,101500,103501,117524,123526,126525,128526,175525,177026,183525,184026,185525,186026,186525,188526,189025,189526,205525,206026,238052,244054,250053,250554,256053,256554,260553,261054,263553,264054,268053,269054,269553,270054,271053,272054,287053,288554,293053,293554,315553,316054,342553,343554,356552,,,,,,,,,,,,,,,,,,,,,,,,,,,,,,,,,,,,
ic048,3501,4000,6001,12000,24001,44000,45501,64500,66001,72500,74501,75500,76001,82500,83501,84000,85001,85500,87001,93500,94001,114000,114501,115000,116501,117455,123457,133956,134457,147456,148957,162956,163957,170456,170957,171955,173457,178456,178957,179956,181457,181956,182957,190956,191457,192456,193457,198456,198957,210456,210957,230456,233457,237906,243908,267907,270908,279407,279908,280407,281908,283407,283908,314907,315408,324907,325408,330407,330908,332407,332908,333407,334908,336407,338908,343407,343908,348407,350408,357907,,,,,,,,,,,,,,,,,,,,,,,,,,
ic049,3001,30500,31001,38000,38501,74500,75001,99000,100001,107499,109001,117512,123514,153013,154014,154513,155514,158012,158514,159513,160014,174513,175014,178013,179014,179513,180514,191513,192014,193513,194014,213513,214514,215013,216514,225513,226014,227013,227514,238032,244034,254033,255034,255533,256034,258033,260534,262033,262534,266033,266534,284533,285034,286033,287034,298533,299034,319033,319534,320033,320534,358545,,,,,,,,,,,,,,,,,,,,,,,,,,,,,,,,,,,,,,,,,,,,
ic050,3001,14500,15501,17000,17501,21000,24001,24500,26001,39000,41501,46000,47001,53500,55501,60000,61501,66000,66501,69000,69501,73500,74001,78500,80001,83000,83501,91000,94501,98000,99501,104500,106001,111000,111501,116500,117001,117737,123739,124238,124739,126238,126739,127238,127739,136738,137739,144738,145239,162738,163739,166737,168239,168738,169739,179238,182739,183238,184239,184738,185239,189238,190239,197238,197739,211238,211739,223238,223739,232738,234239,234738,235739,238449,244451,245450,245951,252950,254451,273950,274451,290950,291951,307450,307951,314950,316451,321450,321951,323949,326451,351450,352451,354950,355451,359146,,,,,,,,,,
ic052,3001,50000,50501,51000,52501,67500,68501,69000,71001,76000,77501,85500,87501,117509,123511,229010,229511,234010,235511,236010,247029,251028,251529,252028,253029,274028,277029,287027,288529,291528,292029,296528,298029,300528,302029,302528,303029,307028,308529,313528,315029,315528,317029,319028,325029,356528,357029,357528,,,,,,,,,,,,,,,,,,,,,,,,,,,,,,,,,,,,,,,,,,,,,,,,,,,,,,,,,,
ic053,3001,10500,11501,18000,19001,19500,21501,39000,40001,42000,42501,43000,44001,46000,47501,52000,53001,81000,87001,87500,89001,92000,92501,96500,97501,117537,123539,155538,156539,157038,158539,194538,197039,201538,202039,202538,204539,212038,212539,213538,215039,237038,237539,238078,244080,296579,297080,298078,298580,358619,,,,,,,,,,,,,,,,,,,,,,,,,,,,,,,,,,,,,,,,,,,,,,,,,,,,,,,,
ic055,3001,15000,16501,22000,24501,28500,30501,31000,31501,117721,123723,175722,176723,238436,,,,,,,,,,,,,,,,,,,,,,,,,,,,,,,,,,,,,,,,,,,,,,,,,,,,,,,,,,,,,,,,,,,,,,,,,,,,,,,,,,,,,,,,,,,,
ic056,3001,14499,15001,21000,24001,33000,36001,59000,59501,69000,72001,105000,108001,117670,123672,141671,144672,155170,155672,159671,165672,168671,174672,177671,183672,204671,210672,222671,225672,238328,244330,253329,256330,262329,274330,277329,280330,286329,289330,292329,298330,337329,343330,352329,358330,358986,,,,,,,,,,,,,,,,,,,,,,,,,,,,,,,,,,,,,,,,,,,,,,,,,,,,,,,,,,,,
ic057,3001,32499,33001,117640,123642,156641,159642,164141,164642,165141,166642,203641,205642,213141,215142,217641,218142,224641,225142,238286,244288,281287,281788,293787,295788,303787,305788,313287,314288,334287,337288,338787,340288,341787,344288,350287,352788,358937,,,,,,,,,,,,,,,,,,,,,,,,,,,,,,,,,,,,,,,,,,,,,,,,,,,,,,,,,,,,,,,,,,,,
ic058,3001,14999,15501,42000,45001,114500,115001,117512,123514,182513,183014,190012,190514,237996,,,,,,,,,,,,,,,,,,,,,,,,,,,,,,,,,,,,,,,,,,,,,,,,,,,,,,,,,,,,,,,,,,,,,,,,,,,,,,,,,,,,,,,,,,,,
ic059,3001,83000,84001,85500,86001,104000,104501,105000,108501,110500,111001,117706,123708,127206,127708,132707,133208,156707,159708,200207,200708,238400,244402,281901,282402,286401,286902,310901,311902,330401,330902,339901,341902,344901,345402,349401,349902,359092,,,,,,,,,,,,,,,,,,,,,,,,,,,,,,,,,,,,,,,,,,,,,,,,,,,,,,,,,,,,,,,,,,,,
ic060,3001,9000,12001,96000,99001,117678,123680,185678,186680,205679,206180,219679,222680,238360,,,,,,,,,,,,,,,,,,,,,,,,,,,,,,,,,,,,,,,,,,,,,,,,,,,,,,,,,,,,,,,,,,,,,,,,,,,,,,,,,,,,,,,,,,,,
ic061,3001,59500,60501,61000,62001,63500,64001,86000,87001,87500,88001,88500,90001,117657,123659,211158,212159,217158,217659,237658,238159,238323,,,,,,,,,,,,,,,,,,,,,,,,,,,,,,,,,,,,,,,,,,,,,,,,,,,,,,,,,,,,,,,,,,,,,,,,,,,,,,,,,,,,
ic062,3001,20000,22001,38000,38501,39000,40501,113000,114001,114500,116001,117529,123531,129030,130031,130530,132031,169529,170031,171030,174031,188530,189531,190030,191031,196530,197531,238026,244028,256027,256528,291527,292028,297026,298028,334027,335028,342027,342528,358513,,,,,,,,,,,,,,,,,,,,,,,,,,,,,,,,,,,,,,,,,,,,,,,,,,,,,,,,,,,,,,,,,,
ic063,3001,18500,19001,23000,23501,63000,64001,64500,66001,117704,123706,187205,187706,207205,208206,224705,225206,238403,,,,,,,,,,,,,,,,,,,,,,,,,,,,,,,,,,,,,,,,,,,,,,,,,,,,,,,,,,,,,,,,,,,,,,,,,,,,,,,,,,,,,,,,
ic064,3001,12000,12501,15500,16001,69000,69501,83999,85001,105500,106001,117652,123654,136653,137154,147653,148154,148653,149154,159153,159654,190652,191654,206153,206654,238313,,,,,,,,,,,,,,,,,,,,,,,,,,,,,,,,,,,,,,,,,,,,,,,,,,,,,,,,,,,,,,,,,,,,,,,,,,,,,,,,
ic065,3001,20000,21501,23000,24001,31499,34001,117645,123647,141146,141647,193146,194147,202646,204147,205146,209647,216146,217147,238298,244300,252799,253800,269299,269800,284799,285300,289299,295300,312799,313800,351299,352800,353299,353800,354799,355800,356299,,,,,,,,,,,,,,,,,,,,,,,,,,,,,,,,,,,,,,,,,,,,,,,,,,,,,,,,,,,,,,,,,,,,
ic066,3001,17000,17501,18000,20001,20999,22501,27500,28001,28500,30501,34500,35001,45500,46501,83500,84501,117514,123516,168515,169516,189015,191016,193015,194016,194515,198516,200515,201016,215515,216016,238009,,,,,,,,,,,,,,,,,,,,,,,,,,,,,,,,,,,,,,,,,,,,,,,,,,,,,,,,,,,,,,,,,,,,,,,,,,
ic067,3001,26000,26501,35499,37001,55500,56501,60000,61001,104000,104501,117524,123526,128025,128526,129025,130526,141025,141526,152525,153026,153525,154526,163525,164026,172025,172526,179025,180026,182525,183526,189025,189526,197525,198526,209024,211026,213025,213526,221025,222526,223025,223526,231025,233526,234525,236526,238057,244059,244558,245559,247058,247559,256058,257059,281058,281559,292058,292559,293058,294559,321558,322059,330558,331059,339057,340059,355058,355559,358582,,,,,,,,,,,,,,,,,,,,,,,,,,,,,,,,,,,,
ic068,3001,24000,27001,48500,49001,52500,53001,63000,66001,71500,72501,73500,74501,77500,78001,96500,97001,99500,100001,101000,102501,117724,124226,124725,125726,174225,174726,219725,221726,222725,223726,228225,230226,232225,232726,238439,244441,255940,256441,267439,268441,275440,276941,283940,284941,305440,306941,335940,336941,337440,338941,356940,357441,357940,,,,,,,,,,,,,,,,,,,,,,,,,,,,,,,,,,,,,,,,,,,,,,,,,,,,
ic070,3001,15000,15501,16000,17001,21000,22001,35500,36001,36500,37501,39000,40501,49500,51501,92500,93001,94000,95001,100500,101501,109500,111001,111500,112001,117460,123462,125461,125962,154461,154962,194961,195962,199461,201962,221461,223462,224461,224962,228461,228962,229461,230962,233461,233962,236461,236962,237932,243934,247933,248434,248933,249434,251933,252434,252933,253934,254433,254934,255933,258934,285433,286934,358455,,,,,,,,,,,,,,,,,,,,,,,,,,,,,,,,,,,,,,,,,,
ic071,3001,9000,12001,51000,51501,60500,61501,72000,73001,76500,79501,81000,83001,93000,96501,97500,98001,101000,102001,114500,115001,116000,117001,117709,126711,164710,166211,176710,177211,188210,190711,191210,191711,194210,196711,207210,209711,234710,237711,238411,244413,245912,246913,247912,248413,250412,253413,255912,257913,263912,264413,265412,265913,273912,274913,283912,284913,285412,286413,290412,291413,295412,301413,313912,314413,314912,316413,319412,320413,324912,325413,330412,331413,331912,333413,337412,338413,339412,341913,345912,349413,353912,355913,359090,,,,,,,,,,,,,,,,,,,,,,
ic072,3001,7500,9001,15000,15501,25000,25501,28000,28501,34500,35001,41500,42001,46000,47001,47500,48501,67000,68501,71500,72001,97500,98001,101000,103001,115000,115501,116000,116501,117683,124185,127684,128685,131184,132685,134184,135185,140184,142685,145184,145685,171684,172685,198184,198685,199184,199685,200184,200685,208684,209185,209684,211185,212684,213185,214184,215685,223184,225185,238365,244367,270866,271367,273366,275367,303866,304367,307866,308367,308866,309867,317866,318867,320866,321367,325366,328367,338366,339867,342866,343367,345866,346367,350866,352367,357865,,,,,,,,,,,,,,,,,,,,
ic074,3001,9500,10001,22000,22501,32500,33001,35500,36501,51000,54001,88499,90001,97000,98001,102000,105001,110500,111001,117716,124718,130717,131718,157717,158218,158717,160218,201217,201718,202717,204718,215217,217718,222217,222718,223717,224718,238217,244428,257427,257928,258427,259928,290427,290928,291427,292428,298427,298928,314927,316428,359125,,,,,,,,,,,,,,,,,,,,,,,,,,,,,,,,,,,,,,,,,,,,,,,,,,,,,,
ic078,3001,38000,38501,47500,50001,78500,79001,79500,81001,117775,123777,125776,126277,138776,139777,140276,140777,141276,142277,147775,149277,153776,154277,154776,156277,170776,171277,171776,172777,207276,208277,210276,210777,214276,215777,219276,219777,221276,221777,222776,223777,233776,234277,236776,237777,238276,244533,283532,285533,293532,295533,301532,303033,306532,307033,311532,313533,314532,315033,315532,316033,323032,323533,325032,326033,329032,330033,330532,331033,333032,333533,335532,336033,336532,337533,348532,349033,349532,350033,352032,353533,356032,358033,359274,,,,,,,,,,,,,,,,,,,,,,
ic079,3001,9000,9501,23500,24001,64500,66001,84000,85001,98500,99001,102000,103001,117724,123726,126725,127226,141725,142226,228725,231726,237724,238226,238444,244446,250445,251446,294445,294946,298945,300446,301445,302946,304445,304946,306445,307446,328445,328946,330445,331446,331945,332946,341445,342446,345944,346946,347445,348446,353945,355946,357945,358446,359159,,,,,,,,,,,,,,,,,,,,,,,,,,,,,,,,,,,,,,,,,,,,,,,,,,,,
ic080,3001,20500,21001,26000,28501,29500,30501,38500,39001,41000,42501,44500,47501,48000,49001,56000,57501,68500,70001,71500,72001,75000,76001,77000,77501,78000,81001,86499,87501,88500,90001,92500,93001,96500,98001,108000,108501,109000,109501,110500,111501,117673,123675,124173,125175,130174,131175,134174,134675,177674,178175,219674,220675,221174,222675,233674,234675,238352,244354,256353,257854,261353,261854,274853,275854,289853,291354,291853,292854,293353,295354,301353,301854,302353,303354,303853,304354,308353,309854,346853,347354,347853,348354,355853,356354,358353,358854,359034,,,,,,,,,,,,,,,,,,
ic081,3001,10500,11001,22000,22501,23500,25001,34500,35001,35500,37001,48000,51001,54000,54501,56000,57001,58000,59501,71500,74001,75000,76001,80000,81501,97000,98001,106500,107001,114500,115001,116000,117501,117675,123677,126676,129677,167676,168677,177176,177677,204676,205677,214675,216177,222676,224177,225676,231677,238374,244376,252375,252876,275875,277376,280375,280876,284375,286376,287875,289376,290875,291876,292375,294376,295375,297376,317875,318376,320375,320876,346375,349376,359071,,,,,,,,,,,,,,,,,,,,,,,,,,,,,,,,
ic082,3001,14500,15501,28500,29501,30000,31001,41000,41501,58500,59001,65500,66001,77000,78001,107499,108501,117555,123557,126056,127057,215056,215557,216556,217057,232056,232557,236055,236557,238075,,,,,,,,,,,,,,,,,,,,,,,,,,,,,,,,,,,,,,,,,,,,,,,,,,,,,,,,,,,,,,,,,,,,,,,,,,,,
ic083,3501,28500,29001,29500,31001,53500,54001,84500,85001,104500,105501,106000,107001,113000,113501,117737,124739,172238,172739,173238,174239,214238,214739,215238,216739,222238,222739,232238,233239,233738,236739,237738,,,,,,,,,,,,,,,,,,,,,,,,,,,,,,,,,,,,,,,,,,,,,,,,,,,,,,,,,,,,,,,,,,,,,,,,,,
ic084,3001,4500,5001,48499,49501,84500,85001,117448,123450,161949,162450,180449,189450,234448,235450,237907,,,,,,,,,,,,,,,,,,,,,,,,,,,,,,,,,,,,,,,,,,,,,,,,,,,,,,,,,,,,,,,,,,,,,,,,,,,,,,,,,,,,,,,,,,
ic085,3001,18000,18501,21500,22001,38500,39001,85499,86001,117532,123534,238060,,,,,,,,,,,,,,,,,,,,,,,,,,,,,,,,,,,,,,,,,,,,,,,,,,,,,,,,,,,,,,,,,,,,,,,,,,,,,,,,,,,,,,,,,,,,,,
ic086,3001,20999,21501,22500,23001,25000,26001,30500,31001,117496,123498,124996,125498,160997,161498,237991,,,,,,,,,,,,,,,,,,,,,,,,,,,,,,,,,,,,,,,,,,,,,,,,,,,,,,,,,,,,,,,,,,,,,,,,,,,,,,,,,,,,,,,,,,
ic087,3001,9000,11001,27500,28501,49500,52001,70500,73001,89500,90001,93500,94501,114000,115501,117448,123450,234448,234950,237943,,,,,,,,,,,,,,,,,,,,,,,,,,,,,,,,,,,,,,,,,,,,,,,,,,,,,,,,,,,,,,,,,,,,,,,,,,,,,,,,,,,,,,
ic088,3001,15000,16001,56500,57001,86999,88001,93000,96001,117524,123526,150525,151026,156025,156526,193025,195026,197024,198026,199025,199526,202525,203026,238047,244049,314048,314549,358048,,,,,,,,,,,,,,,,,,,,,,,,,,,,,,,,,,,,,,,,,,,,,,,,,,,,,,,,,,,,,,,,,,,,,,,,,,,,,,
ic089,3001,27000,28001,70000,70501,77499,78001,103000,103501,114500,115001,117481,123483,133982,135483,149481,150483,161482,163483,179482,180483,181982,182483,211482,211983,215982,216983,237973,,,,,,,,,,,,,,,,,,,,,,,,,,,,,,,,,,,,,,,,,,,,,,,,,,,,,,,,,,,,,,,,,,,,,,,,,,,,,,
ic090,3001,51000,51501,95499,96001,117704,123706,147705,150706,155205,156206,159705,160706,199704,200206,221205,221706,238393,,,,,,,,,,,,,,,,,,,,,,,,,,,,,,,,,,,,,,,,,,,,,,,,,,,,,,,,,,,,,,,,,,,,,,,,,,,,,,,,,,,,,,,,
ic091,3001,19000,20001,33500,34501,43500,44501,73500,74501,92500,94001,113500,114001,117691,123693,127692,128193,139191,140693,186692,187193,238367,,,,,,,,,,,,,,,,,,,,,,,,,,,,,,,,,,,,,,,,,,,,,,,,,,,,,,,,,,,,,,,,,,,,,,,,,,,,,,,,,,,,
ic092,3001,13500,15001,15500,17001,18000,22001,22500,25501,26500,27501,28000,29501,32000,35001,48000,53001,60500,61001,75000,76501,101500,103001,117578,123580,178579,179580,198079,199580,227079,227580,238183,244185,249184,249685,254683,256185,310684,311185,358795,,,,,,,,,,,,,,,,,,,,,,,,,,,,,,,,,,,,,,,,,,,,,,,,,,,,,,,,,,,,,,,,,,
ic093,3001,13500,14501,32500,33001,36499,37501,52000,52501,53000,54001,54500,55001,65000,65501,117481,126483,130482,131983,137482,137983,138482,138983,140982,141483,163982,164483,222482,226483,231482,231983,238011,244013,262511,264013,270012,272013,277512,279013,286012,287013,289512,290513,293012,293513,299012,299513,300512,302013,311012,312013,336512,337013,358552,,,,,,,,,,,,,,,,,,,,,,,,,,,,,,,,,,,,,,,,,,,,,,,,,,,,
ic094,3501,4000,5001,20000,20501,21500,22501,58000,59501,60000,61501,88500,90001,96500,99001,102000,108001,117714,123716,128215,128716,129715,132716,139715,140216,147715,148216,149215,150216,200214,201216,201715,202216,206715,208216,238401,244403,311402,311903,312402,313903,314902,315403,316402,316903,319901,321403,326402,328903,335902,336903,344902,345903,346402,346903,359083,,,,,,,,,,,,,,,,,,,,,,,,,,,,,,,,,,,,,,,,,,,,,,,,,,
ic095,4501,48500,49501,72500,73501,84500,85001,94500,95001,95999,97501,99000,99501,104000,106501,110500,111001,117647,124649,132648,133649,138148,138649,141648,145649,149148,149649,150148,151149,159648,160149,160648,161149,161648,164149,186147,188649,190148,190649,196148,198149,220148,220649,227648,229149,233148,233649,238300,244302,271801,272302,281301,281802,314801,315302,324301,327302,328301,328802,333301,333802,341801,343302,357301,357802,358801,,,,,,,,,,,,,,,,,,,,,,,,,,,,,,,,,,,,,,,,
ic096,3001,9000,12001,16500,17001,27500,28501,30000,33001,44500,47001,49000,50001,51000,54001,62000,62501,63000,63501,70000,72001,83000,83501,114000,117001,117637,123639,134138,134639,177638,180639,200638,201139,202638,203139,203638,204639,208138,209139,209638,210639,211138,211639,217138,219139,219638,220139,221138,221639,222138,222639,232138,234639,236638,237139,238285,244287,287786,288787,289286,292287,300285,302287,319786,320287,336786,337287,345286,347287,358933,,,,,,,,,,,,,,,,,,,,,,,,,,,,,,,,,,,,
ic097,3001,37000,37501,38000,39001,52999,53501,56500,59001,60000,60501,61000,61501,69000,69501,85500,86501,87000,88001,117486,123488,135487,136988,141987,142488,154487,154988,155987,156988,186987,189988,190487,191488,197487,199488,209487,209988,210487,211488,213487,213988,237950,243952,263950,264952,267451,267952,275451,275952,276451,277452,296951,297452,298451,299452,306951,307452,309451,309952,321451,322452,330451,330952,340951,341452,358411,,,,,,,,,,,,,,,,,,,,,,,,,,,,,,,,,,,,,,,,
ic099,3001,5999,7001,7500,8001,14000,16501,18000,18501,38500,39001,43000,43501,51000,51501,56000,57001,83000,83501,84500,85001,86000,86501,87500,89001,92000,94001,94500,95001,101000,102501,105000,106001,117750,123752,140750,141252,162751,163252,169751,170252,171251,171752,172251,172752,191251,191752,192251,193252,217751,218252,219751,222752,233251,233752,238478,244480,262479,263480,263979,264980,265479,268480,284479,284980,285479,286480,293979,295480,302478,304480,306479,306980,315479,315980,322479,323480,332979,333480,354979,355480,355979,356980,359195,,,,,,,,,,,,,,,,,,,,,,
ic100,3001,10000,10501,11500,12501,14500,16501,21500,22001,31000,31501,38500,39501,46500,48001,51500,53001,56500,57001,72500,73001,117681,123683,142682,143183,150682,152183,154682,155683,163682,164183,165182,165683,170181,171183,177682,180183,184682,185183,188682,189183,189682,190183,217682,218683,219682,220683,228682,230183,230682,231683,238363,244365,250864,251365,261364,261865,262864,263865,280364,281865,282864,283865,284364,284865,286864,288865,292364,293365,300364,302365,306364,308365,332864,333365,336363,337365,339864,340365,341364,342365,344364,344865,346864,347365,359045,,,,,,,,,,,,,,,,,,,,
ic101,18001,21000,21501,28500,29501,48500,50001,52000,53001,66500,67001,73500,74501,77500,78001,80000,80501,83000,83501,85000,86501,87500,89001,95000,95501,98000,98501,99000,99501,101000,103501,108000,111501,116000,117001,117688,123690,134189,135190,135688,136690,140689,143690,169689,170190,187689,188190,206689,209190,238375,244377,253376,259377,262876,263877,268376,271877,277876,279377,295376,296877,305376,305877,308376,309377,316876,318377,320876,321377,326375,327877,340376,340877,341376,341877,345376,345877,346876,348377,359059,,,,,,,,,,,,,,,,,,,,,,,,,,
ic102,3001,26000,27001,62999,63501,105000,108001,110000,111501,117471,123473,140972,141473,149972,150473,175971,176973,237930,,,,,,,,,,,,,,,,,,,,,,,,,,,,,,,,,,,,,,,,,,,,,,,,,,,,,,,,,,,,,,,,,,,,,,,,,,,,,,,,,,,,,,,,
ic103,3001,4500,5501,13500,14001,117711,123713,186712,189713,213211,213713,214712,215213,222712,225713,238403,,,,,,,,,,,,,,,,,,,,,,,,,,,,,,,,,,,,,,,,,,,,,,,,,,,,,,,,,,,,,,,,,,,,,,,,,,,,,,,,,,,,,,,,,,
ic104,3001,18000,21001,87999,88501,117683,123685,183183,186685,238362,,,,,,,,,,,,,,,,,,,,,,,,,,,,,,,,,,,,,,,,,,,,,,,,,,,,,,,,,,,,,,,,,,,,,,,,,,,,,,,,,,,,,,,,,,,,,,,,
ic105,3001,24500,25501,117650,123652,132651,135652,138651,141652,199650,200152,238301,,,,,,,,,,,,,,,,,,,,,,,,,,,,,,,,,,,,,,,,,,,,,,,,,,,,,,,,,,,,,,,,,,,,,,,,,,,,,,,,,,,,,,,,,,,,,,
ic106,3001,27000,28001,52500,53501,86000,87001,104000,104501,115500,117001,117637,123639,154637,155139,238275,,,,,,,,,,,,,,,,,,,,,,,,,,,,,,,,,,,,,,,,,,,,,,,,,,,,,,,,,,,,,,,,,,,,,,,,,,,,,,,,,,,,,,,,,,
ic107,3001,60500,61001,101000,101501,102000,102501,102999,103501,117455,123457,132455,133457,133956,134457,202956,203457,237909,,,,,,,,,,,,,,,,,,,,,,,,,,,,,,,,,,,,,,,,,,,,,,,,,,,,,,,,,,,,,,,,,,,,,,,,,,,,,,,,,,,,,,,,
ic108,3001,24000,24501,40500,41001,73499,74001,75000,76001,99500,100001,100500,101001,102000,102501,103000,103501,117732,123734,138733,139234,152733,153734,204733,207734,210733,213734,218733,221734,237732,244454,245953,246454,256453,256954,289453,289954,305453,305954,321452,321954,323953,324454,328453,331454,359167,,,,,,,,,,,,,,,,,,,,,,,,,,,,,,,,,,,,,,,,,,,,,,,,,,,,,,,,,,,,
ic109,3001,7000,7501,38500,39001,39500,40001,48500,49001,65999,66501,117660,123662,132661,135662,151661,152162,160661,161662,162161,163162,171161,172662,178161,178662,183161,183662,206161,206662,215661,216162,238329,,,,,,,,,,,,,,,,,,,,,,,,,,,,,,,,,,,,,,,,,,,,,,,,,,,,,,,,,,,,,,,,,,,,,,,,,,
ic110,3001,30000,30501,68000,68501,69500,70001,78999,79501,80000,80501,87000,88001,88500,89001,95500,96001,117460,123462,131461,131962,171461,174462,182461,182962,231461,231962,237914,,,,,,,,,,,,,,,,,,,,,,,,,,,,,,,,,,,,,,,,,,,,,,,,,,,,,,,,,,,,,,,,,,,,,,,,,,,,,,
ic111,3001,79500,81501,87000,90001,91000,92001,107000,107501,117716,123718,180717,183718,232216,232718,238428,,,,,,,,,,,,,,,,,,,,,,,,,,,,,,,,,,,,,,,,,,,,,,,,,,,,,,,,,,,,,,,,,,,,,,,,,,,,,,,,,,,,,,,,,,
ic112,6001,32500,33001,33500,34001,108500,111001,117500,123665,204663,205165,206164,207665,238332,,,,,,,,,,,,,,,,,,,,,,,,,,,,,,,,,,,,,,,,,,,,,,,,,,,,,,,,,,,,,,,,,,,,,,,,,,,,,,,,,,,,,,,,,,,,
ic113,3501,8500,9001,22000,22501,23500,24501,39000,40001,40500,41501,57500,58001,67500,68501,103500,105501,113000,114501,116000,116501,117514,123516,135515,138516,187515,188016,188515,190516,218015,218516,220015,220516,227015,227516,228515,229516,237014,,,,,,,,,,,,,,,,,,,,,,,,,,,,,,,,,,,,,,,,,,,,,,,,,,,,,,,,,,,,,,,,,,,,
ic114,3001,13500,14501,46000,46501,52500,53501,57499,58501,69000,69501,117478,123480,129979,130980,141979,143480,191479,191980,211479,211980,231479,231980,234479,234980,237955,243957,245956,246457,246956,249957,260456,260957,276456,280457,280956,282457,285956,286957,296956,297957,299456,299957,320956,321957,330456,330957,358424,,,,,,,,,,,,,,,,,,,,,,,,,,,,,,,,,,,,,,,,,,,,,,,,,,,,,,,,,,
ic115,3001,8000,8501,9500,10501,13000,14001,31500,32001,35500,36001,39000,40501,42000,42501,50000,51001,55000,55501,56500,57001,60500,62501,73500,76001,77000,78001,84500,85501,88000,89001,99000,99501,103000,104001,105500,106001,108000,109501,117742,123744,138243,138744,142243,143244,153743,155744,165743,166744,195243,196244,200743,201244,201743,205244,207743,208244,211743,213244,215243,216244,226742,228744,238459,244461,248460,248961,255960,256461,257460,257961,258460,259461,259960,260461,264960,265961,266460,267461,270960,271461,274460,275961,277460,277961,278460,279961,281460,282461,305960,306461,325960,326961,327460,328961,345960,346961,347460,348961,351459,353461,359164,,,,
ic118,3001,16000,16501,22000,23001,29500,30501,33000,35001,36000,38001,49500,51001,65500,68001,73500,74501,75500,77501,78000,80001,96500,97001,98000,99501,117517,123519,127518,128019,147518,148519,152518,153519,160018,160519,166018,166519,171018,172019,172518,173019,181518,183519,187518,189519,190018,191519,216518,217019,218018,219019,236018,236519,237018,244011,260510,261511,266010,266511,267010,268011,315009,316511,338010,338511,342010,343011,346510,348011,358486,,,,,,,,,,,,,,,,,,,,,,,,,,,,,,,,,,,,
ic119,3001,14000,14501,15000,16501,47999,49001,58500,59001,69000,72001,78500,79001,85000,86501,99500,100501,101000,104501,107000,107501,117445,123447,123946,124947,145446,145947,185446,185947,207946,209947,213946,214447,216446,218447,226946,227447,228446,228947,233946,234447,234946,236947,237986,,,,,,,,,,,,,,,,,,,,,,,,,,,,,,,,,,,,,,,,,,,,,,,,,,,,,,,,,,,,,,
ic120,3001,27500,28001,36000,37001,37500,39001,83000,86501,89500,90001,117448,123450,128949,129950,157449,157950,158449,159950,162449,163450,167949,168950,169449,170950,183449,186450,218449,218950,237925,,,,,,,,,,,,,,,,,,,,,,,,,,,,,,,,,,,,,,,,,,,,,,,,,,,,,,,,,,,,,,,,,,,,,,,,,,,,
ic121,3001,21000,24001,45000,45501,53000,53501,72000,73001,74000,74501,106999,111001,117750,123752,144751,150752,169751,170252,179751,182752,238478,,,,,,,,,,,,,,,,,,,,,,,,,,,,,,,,,,,,,,,,,,,,,,,,,,,,,,,,,,,,,,,,,,,,,,,,,,,,,,,,,,,,
ic122,3001,12000,15501,16000,17001,30500,31501,49000,53001,117668,123670,151169,152170,161169,161670,179669,182670,195169,196170,202169,207170,238342,244344,248343,248844,254343,254844,256843,260344,313343,316344,337343,337844,349843,350344,350843,353344,359018,,,,,,,,,,,,,,,,,,,,,,,,,,,,,,,,,,,,,,,,,,,,,,,,,,,,,,,,,,,,,,,,,,,,
ic123,3001,92499,93001,117675,123677,148175,148677,238359,244361,260359,260861,322360,325361,359035,,,,,,,,,,,,,,,,,,,,,,,,,,,,,,,,,,,,,,,,,,,,,,,,,,,,,,,,,,,,,,,,,,,,,,,,,,,,,,,,,,,,,,,,,,,,
ic124,3001,21000,24001,64000,64501,87000,91001,96500,97001,107500,109501,111000,114001,115999,123741,126240,126741,127740,129241,135740,138741,150740,153741,156740,159741,162740,169741,195740,198741,204240,204741,215240,215741,222240,223241,238459,,,,,,,,,,,,,,,,,,,,,,,,,,,,,,,,,,,,,,,,,,,,,,,,,,,,,,,,,,,,,,,,,,,,,,
ic125,3001,3500,5001,32000,32501,47000,48001,54500,56001,61000,61501,63500,64001,65000,66001,87000,90001,117683,123685,126684,129685,138684,140185,146684,148185,148684,149185,159684,162685,165684,167185,170184,170685,172184,174185,181684,182185,183184,184685,189684,192685,201684,204685,223684,224685,231684,233185,238365,244367,246866,247867,248366,249367,250366,253367,257866,258367,259866,260367,260866,262367,279866,280867,281366,282367,289866,290367,290866,292867,310866,311867,316366,319367,325366,325867,337366,343367,359047,,,,,,,,,,,,,,,,,,,,,,,,,,,,
ic126,3001,30000,30501,31500,33001,44000,44501,45500,46501,48500,49501,52000,53001,54500,56001,57500,58001,63000,64001,64500,65501,76000,76501,84000,87001,89000,91501,92000,93001,93500,95001,110000,111001,116500,117501,117512,123514,151013,152514,160013,161014,165013,165514,166513,167014,173513,174014,174513,176014,191013,191514,210012,213514,216513,217014,220013,221014,224013,224514,229013,230014,234013,243960,251959,254460,255459,255960,261459,261960,278959,279460,287959,288960,290459,291460,299959,301460,304959,305960,306459,307460,307959,308460,313959,315460,316459,317960,318459,319960,320459,322460,326959,327460,327959,329460,335959,339460,343959,345960,350959,351460,355459,356960,358412,,
ic127,3001,12000,13001,13500,16001,18000,26501,34500,35501,42500,43501,49000,51001,52500,53001,64500,65501,66000,67501,68500,75001,82500,83001,83500,86001,92000,92501,111500,112001,115000,115501,117691,123693,132192,133193,136192,136693,143692,144193,144692,146693,170692,171693,189192,190693,193192,194193,194692,195193,197192,198693,201192,201693,207692,216693,217692,218193,222692,223193,237692,244405,252404,252905,253404,253905,265904,266405,267904,268405,302404,302905,303904,304405,312403,313405,313904,314905,317404,317905,324904,325405,326904,327405,341904,342405,359110,,,,,,,,,,,,,,,,,,,,
ic130,3001,69000,70001,87500,88001,95000,96001,96500,97501,101000,101501,114499,115001,117714,123716,132715,133716,153715,154216,155215,156216,184715,185716,186215,186716,193715,194216,194715,197216,203215,205216,232715,233716,237715,244415,257914,260415,265914,267415,269414,270415,272914,273415,278414,279915,291914,292415,293914,294415,296914,297415,300914,301415,311414,312915,316914,319415,333914,334415,334914,336415,353914,354915,358914,,,,,,,,,,,,,,,,,,,,,,,,,,,,,,,,,,,,,,,,,,
ic131,3001,6000,9001,11000,12001,19999,21001,25500,26001,51000,51501,95500,96001,117757,123759,128758,130259,134258,135259,140758,141259,149258,150759,157758,159259,160258,160759,188258,189259,195758,197759,199258,200259,208258,208759,211258,212759,224258,224759,228258,228759,230258,230759,233258,233759,238497,244499,247498,247999,270498,270999,339998,340499,345498,345999,353998,354499,354998,356499,359230,,,,,,,,,,,,,,,,,,,,,,,,,,,,,,,,,,,,,,,,,,,,,,
ic135,3001,18000,18501,25000,25501,34000,34501,38499,40001,44500,45501,46500,49501,50500,51001,61500,63001,85000,87001,93000,95001,112500,113001,117448,123450,127449,128950,141949,142450,143949,146450,151449,152450,152949,153450,159449,159950,160949,161450,169949,170450,184949,185450,192449,192950,195449,196450,216949,218950,224949,227450,231949,235950,237894,243896,266895,267896,308895,309896,335395,337396,337895,338396,340895,341396,344895,346396,347395,348396,349895,350896,358366,,,,,,,,,,,,,,,,,,,,,,,,,,,,,,,,,,
ic137,3001,33000,34001,117693,123695,133194,133695,139693,140695,148694,149195,164694,165195,173694,174195,201694,202695,238362,,,,,,,,,,,,,,,,,,,,,,,,,,,,,,,,,,,,,,,,,,,,,,,,,,,,,,,,,,,,,,,,,,,,,,,,,,,,,,,,,,,,,,,,
ic138,3001,89999,90501,117517,123519,237996,,,,,,,,,,,,,,,,,,,,,,,,,,,,,,,,,,,,,,,,,,,,,,,,,,,,,,,,,,,,,,,,,,,,,,,,,,,,,,,,,,,,,,,,,,,,,,,,,,,,
ic139,3001,64499,65001,117704,123706,212204,212706,238388,,,,,,,,,,,,,,,,,,,,,,,,,,,,,,,,,,,,,,,,,,,,,,,,,,,,,,,,,,,,,,,,,,,,,,,,,,,,,,,,,,,,,,,,,,,,,,,,,,
ic140,3001,39000,40501,56000,57001,84999,85501,95000,95501,117647,123649,129648,130649,132148,132649,238293,,,,,,,,,,,,,,,,,,,,,,,,,,,,,,,,,,,,,,,,,,,,,,,,,,,,,,,,,,,,,,,,,,,,,,,,,,,,,,,,,,,,,,,,,,
ic141,3001,52499,53001,117681,123683,160681,161183,238352,,,,,,,,,,,,,,,,,,,,,,,,,,,,,,,,,,,,,,,,,,,,,,,,,,,,,,,,,,,,,,,,,,,,,,,,,,,,,,,,,,,,,,,,,,,,,,,,,,
ic142,3001,117504,123506,177004,177506,237981,,,,,,,,,,,,,,,,,,,,,,,,,,,,,,,,,,,,,,,,,,,,,,,,,,,,,,,,,,,,,,,,,,,,,,,,,,,,,,,,,,,,,,,,,,,,,,,,,,,,
ic143,3001,15999,16501,117698,123700,145698,146200,238380,,,,,,,,,,,,,,,,,,,,,,,,,,,,,,,,,,,,,,,,,,,,,,,,,,,,,,,,,,,,,,,,,,,,,,,,,,,,,,,,,,,,,,,,,,,,,,,,,,
ic144,3001,9500,11001,11500,12501,54000,54501,55000,56001,61000,61501,78000,84001,103999,105001,108500,109001,117460,123462,138461,139962,156461,157962,158460,159962,164461,165962,166461,166962,167461,167962,180961,182462,188461,188962,189461,191462,199461,200962,221961,223462,227461,227962,229461,229962,231461,231962,237955,243957,253456,254457,264956,265957,281456,281957,291956,293457,306956,309957,312956,315957,327456,327957,332456,332957,343456,344457,344956,345457,345956,351957,355456,356457,358473,,,,,,,,,,,,,,,,,,,,,,,,,,,,,,,,
ic145,3001,12500,13501,20500,21501,22500,23501,30000,31501,37000,39001,39500,40001,55000,55501,60000,60501,67500,69001,76000,77501,81000,81501,83000,83501,92500,93001,105000,105501,117524,123526,138025,139026,150025,150526,170025,171026,216025,217026,217525,218026,220025,220526,221525,222026,225025,226526,238067,244069,249068,249569,252568,253069,253567,255569,265568,266069,279568,280069,281568,282069,284068,284569,289068,290569,307068,307569,311068,313069,317568,318069,358569,,,,,,,,,,,,,,,,,,,,,,,,,,,,,,,,,,
ic146,3501,5000,5501,6500,7501,13000,13501,32500,34001,39500,40001,52499,54001,56500,57501,78000,78501,82000,84001,86000,86501,108000,108501,117532,123534,154533,155034,168033,168534,169533,170034,170533,171034,174033,174534,178533,179034,181533,182034,186033,188034,190533,192034,197032,198034,202533,204034,213033,214034,215533,216534,231533,232034,233533,235034,235533,237034,238047,244049,267548,268049,297048,297549,332548,333049,350048,350549,356047,,,,,,,,,,,,,,,,,,,,,,,,,,,,,,,,,,,,,,
ic148,3001,96999,98001,116000,117501,117535,123537,192035,193037,238009,,,,,,,,,,,,,,,,,,,,,,,,,,,,,,,,,,,,,,,,,,,,,,,,,,,,,,,,,,,,,,,,,,,,,,,,,,,,,,,,,,,,,,,,,,,,,,,,
ic149,3001,4000,5001,95499,96501,117734,123736,238446,,,,,,,,,,,,,,,,,,,,,,,,,,,,,,,,,,,,,,,,,,,,,,,,,,,,,,,,,,,,,,,,,,,,,,,,,,,,,,,,,,,,,,,,,,,,,,,,,,
ic150,3001,13000,14001,18000,21001,48000,51001,61500,62501,65500,69001,72000,73001,73500,76501,78000,79501,82500,84501,87500,88501,90500,93001,100500,101501,103500,104001,107000,111001,117483,123485,126484,126985,131984,132985,152484,153485,161984,163485,163984,164985,168484,168985,175984,176985,177984,179485,183484,187985,189484,190485,198484,199985,230484,230985,237932,,,,,,,,,,,,,,,,,,,,,,,,,,,,,,,,,,,,,,,,,,,,,,,,,,
ic152,3001,6500,7001,28500,29001,33500,34001,53999,54501,112000,113001,117737,123739,133738,134239,164238,164739,175238,175739,179738,180239,180738,181739,184738,185739,192737,194239,197238,198239,200738,202239,203238,203739,204238,205239,224738,225239,225738,226739,230738,231739,238238,244472,251471,252972,261471,265472,273471,274972,280971,281472,289471,290972,291471,292472,293971,294472,300971,302472,309971,312472,313471,313972,316471,317472,339971,341972,348471,349472,351471,351972,354971,356472,359192,,,,,,,,,,,,,,,,,,,,,,,,,,,,,,,,
ic153,3001,84500,85501,117691,123693,166691,167193,238365,,,,,,,,,,,,,,,,,,,,,,,,,,,,,,,,,,,,,,,,,,,,,,,,,,,,,,,,,,,,,,,,,,,,,,,,,,,,,,,,,,,,,,,,,,,,,,,,,,
ic155,3001,27000,30501,42000,45001,52499,54501,55000,55501,56000,57001,58500,59501,62000,62501,64000,65501,71500,73001,78500,79001,79500,82501,112000,112501,117501,123503,160002,161003,165502,166503,167001,169003,171002,171503,188002,188503,189002,190003,238026,244028,256027,259028,291527,292028,292527,293528,294027,294528,307527,308028,340527,341528,342027,343028,351527,352528,354527,355028,355527,357028,358559,,,,,,,,,,,,,,,,,,,,,,,,,,,,,,,,,,,,,,,,,,,,
ic157,3001,48500,50501,73000,73501,76500,78001,79000,79501,89000,91001,93000,94001,97000,97501,102500,104001,117500,123713,130712,132213,135712,137213,152712,153213,158212,158713,169212,170713,178712,179213,181712,182713,187212,187713,188712,190213,191212,192713,238413,244915,266914,267415,278914,279915,283914,284415,323414,323915,324413,325415,359110,,,,,,,,,,,,,,,,,,,,,,,,,,,,,,,,,,,,,,,,,,,,,,,,,,,,,,
ic159,3001,6000,12001,16000,17001,32499,33501,44000,44501,68500,69501,82500,83001,85500,86001,87500,88001,93500,94001,111500,112001,112500,114501,117514,,,,,,,,,,,,,,,,,,,,,,,,,,,,,,,,,,,,,,,,,,,,,,,,,,,,,,,,,,,,,,,,,,,,,,,,,,,,,,,,,,
ic160,3001,28000,28501,35000,35501,36000,38001,86000,88001,88500,90501,98000,100001,117527,124029,125528,126529,143528,145029,145528,146029,162528,163029,186528,188029,200028,200529,221528,222029,238070,244072,258571,259572,274571,275072,285071,285572,286571,287072,288071,289572,295571,297572,303071,304572,317571,318572,331071,332072,349571,350072,353571,355072,358600,,,,,,,,,,,,,,,,,,,,,,,,,,,,,,,,,,,,,,,,,,,,,,,,,,,,
ic161,3001,15500,17001,25000,25501,41500,42001,43500,45001,51000,53001,64000,65501,66500,67501,70500,72001,96000,97001,107000,108501,112500,113001,114000,115001,117000,124016,124515,126016,142515,143016,153515,154016,165015,165516,185015,185516,201515,202016,214515,215016,224015,225016,234515,235516,236015,237516,237996,243998,266997,267998,278997,279998,281996,283998,292997,295498,298997,299498,307997,309498,324497,324998,342997,344498,344997,345498,345997,347498,358460,,,,,,,,,,,,,,,,,,,,,,,,,,,,,,,,,,,,
ic163,3001,50500,51001,53500,54001,54500,56001,69500,70501,71000,72001,78500,80001,82000,82501,86500,87001,91000,92001,93999,96001,101500,102501,103000,103501,110000,112001,117512,124014,124513,125014,125513,127014,146013,146514,152013,152514,153013,154514,206012,209514,237996,243998,246997,247498,274497,275498,275997,277998,278997,279998,281497,282498,284997,285498,285997,286498,287997,288998,289497,290998,299997,300998,303996,304998,306997,309998,312997,318998,358465,,,,,,,,,,,,,,,,,,,,,,,,,,,,,,,,,,,,
