subject,good_indices
i002,"[  3001  24999  25501  28999  29500  46999  47500  68999  70000 111884
 120885 126384 126885 155884 156385 190884 191385 198384 198885 218884
 219386 226726]"
i004,"[  3001  14999  15501  22999  23500  31499  32000  88999  89500  90999
  91500 107999 108500 111813 117815 118813 119314 122313 122814 137313
 137814 147813 148815 155313 155814 181313 181814 226313]"
i005,"[  6000  41999  45000  47499  48000  83999  84501  86999  88000 111889
 117891 123889 132890 138889 139390 150889 151391 190389 190890 192889
 201890 226744]"
i006,"[  3001  11999  15000  50499  51000  66999  67500  76499  77000  77499
  78001  97499  98000 111787 117789 121787 123288 141287 141788 154787
 155288 198287 199788 202287 202788 223287 223788 226575]"
i008,"[  3001  32499  33000  38499  39500  67499  68000  75999  76501  79999
  80500  85499  86000  92999  93500 111787 117789 121287 121788 163787
 164289 226580]"
i014,"[  3001  17999  24000  24999  25500  35999  48000  56499  57500  71999
  75000 111774 117776 153774 154775 173274 173775 185274 189775 226644]"
i016,"[  3001  17999  18500  35999  37000  38999  39500  39999  40500  58499
  59501  84999  85500 111810 117812 121810 122311 163310 164811 225310
 226311 226688]"
i018,"[  3001  98499  99000 100499 101001 111889 117891 122389 122890 213389
 213890 216889 222890 225889 226391 226741]"
i021,"[  3001   3999   4500  28499  29000  39499  40000  73499  74501  80999
  81500  94499  95000 111792 126793 159292 159793 179292 179794 203292
 203793 209292 209793 226577]"
i022,"[  3001   8499   9000   9499  10500  12499  13500  18999  19500  30499
  31000  41499  45000  98999  99500 103999 104500 111774 117776 199774
 200276 210274 210775 226634]"
i024,"[  3001  23999  27000  29999  33000  62999  72000  74999  78000  80999
  87000  87499  88000  94999  96000 107999 117812 146810 147311 155310
 155811 189810 195811 197310 197811 218810 219311 222810 225811 226682]"
i026,"[  3001   6999   7500  20499  21000  38499  39500  39999  40500  54999
  55500  82499  83500  89499  90000  98499  99000 105999 107000 111874
 117876 145374 146375 209874 210375 226685]"
i027,"[  3001   9499  10000  17499  18000  28999  29500  59499  60500  75999
  77500  82499  83000  88999  91000 100499 101000 111499 117868 131366
 131867 157866 158367 174366 174867 200866 201868 212366 213367 226713]"
i028,"[  3001   3499   5000  49499  50000  50999  52000  58999  60000  60999
  61500  63999  65000  71499  72500  87499  88000 108499 109500 110999
 111500 111846 117848 126846 135847 153346 154347 159846 160848 174846
 175347 176346 176847 184346 185347 200846 201847 226708]"
i029,"[  3001  10499  11000  51499  52000  88999  90001 111787 117789 141787
 142288 209287 209789 224787 225288 226572]"
i030,"[  3001  38499  39001  49499  50000  74999  75500 107499 108000 111787
 117789 135787 136288 184787 185288 210787 211789 214787 215288 226465]"
i032,"[  6000  11999  18000  19999  20500  23999  30000  38999  42000  48999
  49500  95499  96000 111772 117774 126772 127273 138772 144773 145772
 146273 147772 153773 161772 162273 174772 177773 186772 192773 198272
 199273 209772 210273 226534]"
i034,"[  3001   4499   5000   5499   6000  11499  12000  13999  14500  21999
  22500  22999  24000  86499  87001  87999  88500 111787 117789 118287
 118788 134287 134788 143787 144288 154787 155288 171787 172288 181787
 182288 214787 215288 219787 220288 226560]"
i035,"[  3001  24999  25500  36499  37000  52499  53001  81499  82000 111782
 117784 130282 130783 138282 138783 190782 191283 226537]"
i036,"[  3001  33999  34500  54499  55500  68499  69500  85999  86501  87499
  88500  89499  90000 101999 103000 111818 117820 145818 146319 175318
 175820 182318 182819 222818 223319 226583]"
i038,"[  3001   7499   8500  14499  15501  16999  17500  19999  20500  42999
  43500  44499  45000  46499  47000  97999  98500 111882 117884 168382
 168883 170882 171883 178882 179383 184382 184883 213382 213883 215882
 216383 226744 232746 241744 242245 256744 257245 266744 267245 268744
 269745 274244 274746 305244 305745 307744 308745 316244 316745 317244
 317745 341591]"
i039,"[  3001  12999  13500  14999  15500  55499  56000  59999  60500  68499
  69000  73499  74000  92499  94000 104999 111000 111856 117858 142856
 143357 151856 152357 153856 154357 164856 165357 186356 188357 206856
 207358 210356 210857 222856 223357 226688]"
i041,"[  3001   8499   9000   9499  10000  17499  18000  25499  26000  56499
  57500  68999  69501 111984 117986 128484 129485 136984 137485 190484
 190985 191984 192485 224984 225485 226949]"
i042,"[  3001   5999   6500  24999  26000  37499  38500  66499  68000  84999
  85501  97499  98000 108999 109500 111971 117973 121471 121972 148471
 148972 151471 151972 156971 157472 158971 159472 163471 165472 165971
 169472 198471 198972 201971 202472 219971 220472 226923]"
i044,"[  3001  85999  86500  91999  92500  95999  96500 103999 104501 111843
 117845 124843 125344 146343 146845 150343 150844 181843 182344 220843
 221344 226726]"
i045,"[  3001   3499   4000  47499  48001  68999  69500  97499  98000 111779
 117781 196279 196781 226564]"
i047,"[  3001  39499  41000  47999  60000  98499  99500 111769 117771 136269
 137270 137769 138271 142769 143270 166769 167270 217269 217770 219769
 222770 226542]"
i048,"[  3001  30999  31501  85999  86500  97999  98500 111774 117776 127774
 128275 129774 130275 160774 161275 198774 199276 215774 216275 226274]"
i049,"[  3001   7999   8500   8999   9500  30499  31000  31999  32501 111841
 117843 139841 140342 146841 147342 153341 153843 189841 190342 207841
 213842 214341 214842 215341 215842 223341 223842 226673]"
i051,"[  3001  20499  21001  51499  52500  85999  86500 102999 103500 104999
 105500 111813 117815 122313 122814 136813 137815 138313 138814 186813
 187314 222813]"
i052,"[  3001  17999  19000  24499  25000  31999  33000  41499  42000  44499
  45000  48999  49500  59499  61500  84499  85000 111925 117927 118425
 118926 128925 129426 138925 144926 161925 162426 170925 171426 201925
 202926 210425 210926 223925 224426 226838]"
i053,"[  3001   6999   7501  13999  15000  47999  51500  53999  57000  75999
  76500  86999  87500 104999 105500 111887 117889 129887 135888 144887
 153888 166887 167388 175887 176388 180387 180888 181887 182388 183887
 184388 209887 210388 226749]"
i055,"[  3001  48999  49500  49999  50500  70499  71001  78499  79000  98499
  99000 111828 117830 118328 118830 119828 120329 123328 125829 132828
 133829 140828 141829 143328 143829 149828 150329 184828 185329 185828
 186829 218828 219829 220328 220829 225828]"
i056,"[  3001   4499   5501   6499   7000  18999  19500  22999  23500  24499
  25000  26499  27500  37999  38500  40499  41000  44999  46500 111961
 117963 124461 124962 139961 141462 159961 160462 164461 164962 167961
 168462 191461 191962 201961 202462 209461 210462 226908]"
i058,"[  3001   5999   9000  11999  21000  47999  48500  53499  54000  88999
  89500 105999 108500 111818 117820 154818 155319 156318 156819 160318
 160820 189818 192819 201818 202319 216818 217319 222318 222819 226614]"
i059,"[  3001  72999  75500  78499  79000  86499  87000  87999  88500 111884
 118385 119884 120386 137884 138385 160384 160885 221884 222385 226657]"
i060,"[  3001  14999  16000  31499  32500  65999  67000  74499  75500 111782
 117784 144282 144783 173282 173783 182282 182783 183782 192783 193782
 194284 215282 215783 226575]"
i063,"[  3001  35499  36000  63499  64000  70499  71001  82499  83000 103499
 104000 111784 117786 147784 150785 151284 151785 171284 171786 198284
 198785 226585]"
i064,"[  3001 106499 107001 111992 117994 147492 147994 159992 160493 213492
 213993 226957]"
i065,[  3001  56999  57500 111820 117822 126320 127321 226698]
i066,"[  3001  56499  57001  60999  61500  69999  70500 111877 117879 121377
 122378 138877 153878 183877 184378 189877 190379 226719]"
i067,"[  3001  87499  88001 111856 117858 133856 134358 140856 141357 145356
 145857 151856 152357 161356 161857 170356 170857 226664]"
i071,"[  3001  24999  25500  37999  38500  47499  48001  95999  96500 103499
 104500 111966 117968 194466 194967 225466 225968 226920]"
i073,"[  3001  38999  39500  44999  45501  52999  53500  97499  98000 111994
 117996 130994 131495 174494 175995 193994 194495 200994 201495 214494
 214995 226936]"
i074,"[  3001   8999   9500  44999  45500  81999  82501 111928 117930 118428
 118929 130928 131429 159428 159929 174928 175429 198928 199930 213928
 214429 226852]"
i076,"[  3001   5999   6500  11999  15000  42999  43500  58499  59000  60499
  61001 110999 111500 111879 117881 125379 125880 143379 143880 155879
 156380 160379 160880 177879 178380 201879 202380 210379 210880 219879
 222880 226716]"
i081,"[  3001   5999  15000  24499  25000  31999  32500 101499 102000 111836
 117838 189336 189838 212836 213337 226696]"
i082,"[  6000  36499  37000  74999  75501 102499 103500 111841 117843 118841
 119342 125841 127342 196341 196842 226649]"
i083,"[  3001  14499  15500  64999  66000  68999  69500  73999  74500 111930
 117932 123930 126931 166430 166931 182430 183431 213930 214432 223930
 224431 226846]"
i084,"[  3001  11999  15000  50999  52500  56999  58000 104999 111000 111797
 118299 139797 140298 192797 198798 203797 204298 222797 225798 226664]"
i087,"[  3001  20499  21000  40499  41001  71499  72000 111818 117820 119318
 119819 132818 133319 138818 141819 142318 143319 164318 164819 166818
 167319 182318 182819 193318 193820 226698]"
i089,"[  3001  27999  28500  30999  31500  44999  48000  66499  67000  68999
  70001 101999 102500 105999 106500 111769 117771 178769 179270 180769
 195770 198769 201770 216269 216771 226624]"
i090,"[  3001   4999   5500  28999  29501  32999  36000  41999  45000  83999
  93000 111848 117850 126348 126849 165348 165849 214848 215349 225348
 225850 226680]"
i091,"[  3001  24999  25500  43999  44501  50499  51000 111874 117876 129374
 129875 181874 182376 188374 188875 226703]"
i092,"[  3001  11999  13001  15999  17000  35499  36000  50999  54000 111825
 117827 120825 123826 126825 138826 142325 142826 188825 189327 205825
 206826 219825]"
i093,"[  3001  18499  19001  26499  27000 101999 117774 121272 121773 164772
 166273 204772 205273 224272 224774 226545]"
i095,"[  3001  32999  36000  40999  41500  43499  44000  67499  68000  68499
  70000  77499  78000  93999  94500 106499 107000 111828 117830 171328
 172329 175828 176330 187828 188329 192828 195829 204828 205329 226631]"
i096,"[  3001  11499  12000  18499  19000  26499  27000  32999  33500  34999
  35501  57499  58500  96499  97000 111767 117769 124267 124768 140767
 141268 164767 165268 168767 174768 189767 192768 209767 210268 213767
 214269 226532]"
i099,"[  3001  23499  24000  54999  55500  64499  65500  88999  89500 102999
 103500 111874 117876 144874 145375 146374 147375 165874 171875 194374
 194875 217874 218375 220874 221375 226690]"
i101,"[  3001  10999  11500  23999  24500  55499  56001  94499  95000 111818
 117820 120318 121319 160818 161319 179318 179819 181318 181819 189318
 190320 226606]"
i102,"[  3001   8999   9500  12499  13000  32499  33000  49499  50000  53999
  55000  80499  81001  84999  86000  88999  90000  99499 100500 111784
 117786 119784 120285 162284 162785 204784 205285 223784 224286 226621]"
i103,"[  3001  46999  47500  89499  90000 106999 108000 111964 117966 134464
 134965 137964 138466 140964 141465 142964 143465 164964 165465 213964
 214465 226906]"
i106,"[  3001  13499  14001  14999  18000  20499  21000  65999  69000 111861
 117863 149861 150362 159861 162863 226700]"
i107,"[  3001   3499   4001  44499  45000  65999  69000  94999  95500  96499
  97000 111941 117943 139441 139942 155941 156942 172441 172942 218941
 219442 226895]"
i109,"[  3001  21999  22500  36999  37500  43499  44000  52999  53500  87499
  88000 111784 117786 134784 135285 138784 139785 149784 150286 197284
 197785 217784 218285 226656]"
i110,"[  3001  27499  28001  44499  45000 111879 117881 147379 147880 159379
 159880 172379 173380 173879 174380 226746]"
i111,"[  3001  12999  13501 111795 117797 131795 132297 155795 157796 168795
 180796 186795 189796 192795 195796 213795 216796 226565]"
i112,"[  9000  36499  37000  55999  57000 111761 117763 129761 132762 148761
 149262 155761 156262 191261 191762 193761 194263 223261 223762 226518
 232520 242518 243019 245518 246019 274518 275019 276518 277019 279518
 280019 281018 281519 288018 289020 341296]"
i114,"[  4000  17499  18500  19499  20500  79499  80500  84499  85000 111782
 117784 163282 164783 171782 172283 226552]"
i116,"[  3001  11999  24000  38999  42000  47999  54000  92999  96000  97499
  98000 104499 108000 110999 117807 135805 136307 153805 154306 168805
 171806 226598]"
i117,"[  3001  59999  63000  75499  76001  88999  89500 111820 117822 118320
 118821 129820 138821 141320 142321 157320 157821 183820 189821 195820
 198821 217820 219322 219820 225821 226636]"
i119,"[  3001   9999  10500  14999  18000  18999  20000  20499  21001  29999
  42000 111805 117807 123805 126806 129805 138806 155305 155807 204805
 213806 230403]"
i120,"[  3001  27499  28001  43999  44500  71999  75000  92499  93000 100499
 101000 111820 117822 118320 118822 177820 178321 180820 183821 196320
 196821 226585 232587 270585 271087 274585 277586 336585 337086 341360]"
i123,"[  3001  28499  29000  46999  48000  52499  53000  94499  95000 111856
 117858 120856 123857 175356 175858 226690]"
i125,"[  3001  27999  29500  29999  39000  44999  48000  50999  60000 101999
 102500 106499 107000 111784 117786 132284 132786 142784 143285 154784
 155285 170284 170785 208784 209285 223284 223785 226546]"
i126,"[  3001  37999  38500  40999  41500  86999  90000  94999  95500 108499
 110000 111910 117912 135910 136911 151410 151911 162410 162911 184410
 184911 185910 187911 192910 193411 212410 212911 226795]"
i128,"[  3001  14499  15500  17499  18000  22499  23000  34499  35000  84999
  85501  89499  90000 111895 117897 137895 138397 153395 153896 209895
 210396 226819 232821 253319 254320 267819 268320 310319 310820 332319
 332821 341763]"
i129,"[  3001   8999   9500  14999  21000  26999  30000  44499  45001  46999
  47500 111964 117966 142464 142965 150964 151465 204964 205466 223464
 223965 226926]"
i132,"[  3001   7499   8000  17999  18501  22499  23500  40999  41500 104499
 105000 111797 117799 126797 127298 143297 143798 200797 201298 214797
 215299 219797 220298 226577]"
i136,"[  3001   4499   5000   5499   6000  15499  17000  21499  22000  31999
  32500  39499  40000  50999  51500  63999  64500  67499  69000  97999
  98500 107499 108000 111792 117794 122292 122793 138792 141793 147792
 148793 149792 150293 160792 161293 171292 171793 178292 178793 184792
 185293 186792 187293 189292 189794 193292 193793 195292 195793 203292
 203793 226549]"
i140,"[  3001  33499  34500  34999  35500  38999  48000  53999  54500  56499
  57500  59999  60500  65999  66500  91499  92000 102499 103000 104999
 111000 111792 117794 179792 180793 182792 183293 195792 201793 214792
 215294 226292]"
i141,"[  3001  56999  63000  85999  86501 105999 106500 111761 117763 144761
 147762 158261 158762 162761 165762 226531]"
i142,"[  3001   3499   4000   5999   6501  36499  37000  38999  40000  68499
  69000  92999  94000 107999 117776 127774 128775 139274 139775 155274
 155775 158274 158775 165774 166275 177774 178275 180774 183775 193774
 194276 204774 205275 225774]"
i143,"[  3001   5999   9000  11999  15000  17999  24000  25999  26501  26999
  30000  73999  74500 111779 117781 123779 129780 132779 135780 156279
 156780 157279 158780 176779 177280 187279 187780 197779 198280 207279
 207780 226547]"
i144,"[  3001  35499  36000  48999  49500  95999  99000 111499 117879 221877
 222379 226742]"
i145,"[  3001  32499  33000  39499  40000  61499  62000  80999  81500 103499
 104001 111499 117809 124307 124808 175307 175808 180807 181308 199807
 200308 226669]"
i147,[  3001  19999  20500  76999  77501 111884 117886 183884 184386 226736]
i153,"[  3001  12999  14000  40499  41000  50999  54000 100999 101500 111838
 117840 124838 125339 142338 142840 155338 155839 226675]"
i154,"[  3500  38999  39501  75499  76500 111813 117815 174813 175314 178813
 179314 186313 187314 195813 196314 219813 220314 226627]"
i155,[  3001   8999  10500  64999  65500 111802 117804 155302 155804 226570]
i156,"[  3001  15999  16500  58999  59500  65999  66501  67499  68000 106999
 107500 111820 117822 120820 121322 141820 142321 157320 157821 165820
 166321 193820 194321 226644]"
i157,"[  3001   8999   9500  22999  24500  24999  25500  44999  51000  70999
  71500  74499  75000  76999  77500 111838 117840 161838 162339 165838
 166340 173838 174339 184838 185839 189838 198839 226649]"
i160,"[  3001   5999   9000  26999  30000  66999  67501 111779 117781 191779
 192281 226544]"
i162,"[  3500  35999  36500  40499  41000  64499  65000  94499  95500 103499
 104000 111521 117523 139021 139522 189021 189523 226322 232324 247822
 248323 249322 249823 310322 313323 340962]"
i165,"[  3001  13999  14500  35999  36501  93499  94000 111761 117763 133261
 133763 144761 145262 151761 152262 178761 179262 226539]"
i168,"[  3001  19999  21000  24999  25500  40999  41501  42499  43000  54499
  55000 101999 102500 111846 117848 131346 132347 134846 135347 146346
 146847 160346 160848 212346 212847 220846 221347 221846 222347 226683]"
i171,"[  3001  10499  11500  20999  27000  29999  60000  68499  69500  72999
  73500 100999 101500 110499 111000 111818 117820 156818 162819 183818
 186819 199818 200319 224318 224819 226626 232628 264126 264628 341445]"
i173,"[  3001  10499  11000  30499  31001  74499  75500  78999  79500  82499
  83000  85999  86500 107499 108500 111499 117776 176774 177275 202774
 203776 226639]"
i174,"[  3001   7499   9500  44999  45500  59999  61500  73999  74500  90999
  91500 102499 104000 110999 111500 111843 117845 120843 132844 135843
 156844 165843 171844 177843 178344 178843 179844 201843 202344 217343
 217844 226675]"
i175,"[  3001  14999  15501  19499  20000  32499  33000  33499  34000  35999
  39000  40499  41000  41999  42500  53999  66000  76499  77000  84499
  85000  93499  94000 105499 106000 110999 117771 123769 130270 133769
 134271 155269 155770 209769 210270 226519]"
i181,"[  3001   8999  12000  14999  18000  28999  29501  97999  98500 111861
 117863 142361 142862 224861 225363 226698]"
i182,"[  3001  20999  21500  25999  26500  28999  30000  41999  48000  60499
  61500  65999  69000  82999  83500 104999 111000 112007 118009 133507
 134009 154007 157008 162007 162508 197007 197508 226956]"
iv002,"[  3001   3499   4500  14999  16000  25499  26000  35499  36500  62999
  69000  96999  97500 102499 103000 106499 107500 108499 109000 110999]"
iv003,[ 3001 19999 21000 24999 25500 46499 47000 53999 55000 71999 72500 83118]
iv005,[ 3001 44999 46000 60999 64000 83203]
iv008,"[  3001  30999  32000  65999  69500  69999  70500  76999  77500  78999
  79500  80999  81500  87999  88500  95999  96500 107999 108500 111728]"
iv010,"[  3001  13999  15500  29999  30500  48499  50000  53999  55000  68499
  69000 111728]"
iv017,"[  3001  24499  25500  33499  34000  51999  53500  59999  60500  66999
  68000  71499  72000 111941]"
iv018,"[  3500  12499  13000  22999  24500  26999  33000  71999  74000  74999
  77000  84499  85000  98999 105000 107999]"
iv019,"[  3001  44999  45500  50999  51500  52999  53500  69499  70000  71999
  75500  84999  85501 111715]"
iv023,"[  3001  14499  15500  18999  19500  20499  21000  37499  38000  66999
  67500  76999  77501  91499  92000 111800]"
iv026,"[  3001   5999  12000  20499  21000  25999  26500  83499  84500  95999
  96500 111759]"
iv028,"[  3001  11999  13500  14999  16000  53999  54500  62499  63000  89499
  90000 111948]"
iv030,[  3001   6499   7500  80499  81500  82999  84000  89999  90500 111943]
iv031,"[  3001   9499  10000  19999  20500  24499  25500  26499  27000  27499
  28000  57999  58500  64499  66000 111710]"
iv034,"[  3001   7999   9000  28499  29000  45999  47000  75999  76500  90499
  91500  92999  93500  95999  99500 111920]"
iv037,"[  3001  14499  15000  21999  23000  31999  33000  55499  57000  81999
  82500  99499 100000 111979]"
iv039,"[  3001  27999  28500  35499  36500  38999  39500  39999  40500  46999
  47500  49499  50000  53999  66000  69999  70500  71999  75000  75499
  76000  88999  89500  95999  96500 111764]"
iv040,"[  3001  11999  15000  16499  17500  18499  19500  27499  28000  47999
  51000  65999  66500  79999  80500  93499  94000 102999 103500 110999]"
iv041,"[  3001   4499   6000  24499  25500  35999  37000  37999  39000  88999
  89500  90499  91500  92499  93000 109499 110500 111743]"
iv045,"[  3001  14999  18000  35999  36500  38999  39500  83499  84000 106499
 107500 109499 110000 111741]"
iv048,[  3001  33999  34501  98999 102000 111856]
iv049,[  3001  30499  31500  64499  65000  66499  69000  98999 102000 110999]
iv052,"[  3001   6499   8000  25499  26000  30999  31500  32999  34000  87499
  91000  95999  98000 104499 106000 111787]"
iv055,"[  3001   3499   4000  33999  35500  55999  56500  62999  66000 101999
 102500 111915]"
iv056,"[  3001  22499  24000  30499  32000  39499  40000  46999  47500  54999
  55500  71999  72500  73499  74000  78999  79500  82499  83000  83499
  84000  85499  86000 111925]"
iv057,"[  3001   3999   5500  15499  16000  24999  26000  26999  28000  32499
  33500  39499  40000  41999  45500  59499  61000  62499  64000  71999
  73000  73499  74500  89999  90500  97999  98500 111915]"
iv058,"[  4500   7999   8501  20999  22000  31999  32500  32999  34500  40499
  41000  41999  42500  51499  52000  68499  69000  88499  89000  95499
  96500 111738]"
iv059,"[  3001  12999  14000  14999  15500  16999  17500  39499  40000  46499
  47000  50999  54000  90499  91000 109499 110500 111910]"
iv060,"[  3001  11999  15000  23999  30000  41999  51000  65999  72000 104499
 105500 107999]"
iv061,"[  3001   4499   5500  23999  36000  54499  55000  62999  64000  65499
  66000 106499 107000 111882]"
iv062,"[  5500   6499   8000  10999  13500  59499  60000  60999  62000  66499
  67000  75499  77000  82999  86000 111499]"
iv063,"[  3001   7499   8000  20499  24000  29999  36000  39499  40500  41999
  44000  59999  66000  71999  75000  78499  79000  83499  87000  98499
 100000 101999 105000 111723]"
iv064,"[  3001  23999  27000  52999  53500  55999  57000  57999  58500  62999
  63500  71999  72500  73499  74000  79999  80500  83999  87000  91499
  92500  96499  97000  97499  98000 101499 102000 111895]"
iv065,"[  3001   4999   6000   8999  10000  27499  28000  31999  32500  35499
  36000  46499  47000  62499  64000  82499  83000 101999 102500 109999
 111000 111956]"
iv066,"[  3001  10999  11500  14499  15000  54499  55500  58999  59500  61499
  62000  62499  66000  73499  74500  79499  80000  92499  93500 111943]"
iv067,"[  3001   3499   4501   8999   9500  52999  54000  81499  82500  85499
  86000  86499  88000 111854 117856 119854 120355 120854 121855 137354
 138355 139354 139855 143354 143855 144854 146855 158854 159355 159854
 160355 161854 162355 163354 164355 165354 166355 167354 168855 192354
 193855 197354 198355 200354 202855 223354 223855 224854 226355 226729]"
iv068,"[  3001   9499  10500  18499  19000  19499  21500  35499  36500  42499
  43500  59499  60000  60499  62000  70499  71000  77999  78500  78999
  80500  88499  90500  93999  94500  95499  97500 111895 117897 128395
 128896 139395 139896 191895 193396 226788]"
iv070,"[  3001  49499  50500  69499  71000 101499 102000 102499 104000 105499
 107000 111900 117902 129900 130901 147900 148901 178400 180401 182900
 185401 185900 186901 190400 191401 191900 192401 194400 194901 195400
 195901 198900 200401 205400 205901 226400]"
iv077,"[  3001  26999  33000  60499  61500  65999  66500  77999  78500  83999
  87000  89999  99000 111905 117907 156905 159906 171905 174906 189905
 190406 211405 211907 213905 216906 226831]"
iv079,[  3001  10999  11500  26999  39000 107999 108501 111959]
iv083,"[  4500  11999  13000  26499  30000  38999  42000  57499  58500  74499
  75500 111790]"
iv084,"[  3001   3499   4001  14499  15000  25499  26000  29499  30000  30999
  31500  41999  42500  64999  65500  80999  87000  93499  94000 109999
 110500 111941]"
iv088,"[  3001   8499   9500  18999  19500  19999  21500  27499  29000  33999
  36000  65499  66000 111930]"
iv089,"[  3001  21999  22500  25499  26000  28999  34000  34499  35000  35499
  36000  36999  37500  38499  39000  39499  40500  40999  42000  42499
  43000  43999  44500  44999  45500  46499  47000  47999  48500  48999
  50000  50499  51000  51999  52500  52999  54000  54499  55000  55999
  56500  57499  58000  58999  59500  59999  60500  61499  62000  62499
  63000  63999  64500  66999  67500  69499  70000  73499  74000  74999
  75500  76499  77000  77499  78000  78999  79500  80499  81000  84499
  85000 102499 103000 103999 105500 107499 108500 109999 111000 111710]"
iv091,[  3001  39999  40500  51999  53500  56999  58500 100499 101000 111902]
iv092,"[  3001  11499  12500  12999  13500  15499  16000  16999  19000  32499
  33000  42499  43500  47999  48500  74999  78000  88999  89500  98999
 108000 109999 110500 111787]"
iv098,"[  3001  19499  20000  76499  77000  78499  83500  83999  87000 103499
 104000 111738]"
iv102,"[  3001  39499  40000  53999  57000  81999  82500 105499 106000 108999
 109500 111759]"
iv103,"[  9000  46499  47000  58999  59500  60499  61001  61499  62000  62499
  63000  92999  96000 104499 105000 106499 107000 107499 108000 111720]"
iv106,"[  3001   6499   7000  49499  50000  50499  51000  52999  54000  61499
  62000  66999  67500  90499  91000  91499  92500 111884]"
iv114,"[  3001   5999   7000   7499   9000  12999  13500  17499  18000  28999
  29500  63999  64500  68999  70000  73499  74000  79499  80000  81499
  82000  87499  88000  88499  90000  90999  92500  98999  99500 111889]"
iv115,"[  3001   5499   6000   9999  10500  36499  37000  39499  40000  42999
  43500  78499  79000  79999  80500  86999  87500  89999  90501 102999
 104000 111741]"
iv122,"[  3001  28499  29000  29499  30500  44999  48000  60499  61500  75999
  77000  77499  78000  78999  80000  84499  85000  89999  93000 106999
 107500 111738]"
iv124,"[  3001  50499  51000  55999  57000  57499  58000  58999  60000  61999
  63000  63999  65000  77499  79000  91499  92000  98999  99500 102999
 103500 105999 106500 106999 107500 108999 109500 110499 111000 111976]"
iv126,"[  3001  17999  19000  19499  20500  20999  25500  25999  27000  28999
  30500  50999  57000  61499  63500  66499  67500  68999  71500  89999
  90500 110499 111500 111733]"
iv129,[  3001  98499  99001 111741]
iv131,"[  3001  26499  27000  46999  47500  88999  89500  95499  97000  97999
  99000 102499 103000 107499 109000 111964]"
iv132,"[  3001   8499   9000  24499  25000  34999  36500  43499  44000  50499
  51500  86499  87500  93499  94500 111951]"
iv133,"[  3001  13499  14000  24999  25500  41999  45000  61499  62000  62999
  63500  67499  69000  72499  73000  79499  81500 111951 117953 118451
 119452 130951 132452 132951 135952 146451 146952 147451 148452 157951
 158452 178951 181452 194951 195452 204951 206452 210951 211952 217451
 219452 219951 220952 222951]"
iv134,"[  6000  19999  20500  20999  24000  32999  35000  47999  48500 106999
 108000 108499 109500 111779 117781 190279 191280 202279 202780 203279
 206280 213779 214280 214779 216280 216779 217280 217779 218780 224779
 226280 226511]"
iv136,"[  4500   7999   8500  13999  14500  15499  17000  17499  19000  19999
  21500  23999  24500  26499  30000  30499  31500  32499  33000  35999
  39000  42499  45000  45999  46500  48999  49500  56999  58000  58499
  60000  61499  62000  80999  81500  83999  90000  92999  93500  94499
  95000 100999 101500 101999 102500 105999 106500 107499 108000 111726]"
iv137,[  3001   4499   5000  11999  18000  27999  29500  74999  81000 111499]
iv138,"[  3001  10499  11000  14999  16000  17499  19500  26999  30000  50999
  54000  62499  64500  81999  83500  83999  88500  89999  91500  91999
  92500  92999  93500 110999 111500 111866]"
iv139,"[  3001   7999   9500  12999  13500  17999  20500  37499  38000  48499
  49500 111866]"
iv140,"[  3001  27499  29000  36999  40500  41999  44500  75499  76000  79999
  81000  97499  99500 111866]"
iv141,"[  3500  16499  18000  23499  24000  24499  25000  29499  31500  64999
  65500  66999  67500 110999 111500 111820 117822 127820 128321 150320
 150821 175320 175821 192820 193821 194820 195321 203320 203821 207820
 209321 209820 210321 210820 211321 211820 212322 215320 215821 220320
 220821 222320 223321 226654]"
iv142,"[  3001  30999  32000  32499  33500  33999  34500  46499  47000  49999
  52000 111831]"
iv143,"[  3001  54499  55000  55499  60000  62999  63500  68499  69000  79999
  82000  93999  94500 111802 117804 118302 118803 127302 131303 150802
 153803 154302 154803 159302 159803 205302 206803 211302 211803 214802
 215803 220802 221303 226595]"
iv144,"[  3001   6499   7000  13499  14500  14999  16500  20999  21500  41499
  42000  70499  71000  75499  76000  85999  87000 111797]"
iv145,[  3001  26499  27500  60999  62001 110499 111000 111777]
iv146,[  3001   4999   5500  59499  61500 111743]
iv147,"[  3001   6499   7000   7999  10000  15499  16000  22499  23000  24999
  28000  30999  32500  32999  33500  35499  37500  38999  40000  41999
  44500  94999  95500 106999 109000 111802]"
ic002,"[  3001  25999  26500  66499  67001 116999 123706 126704 132705 143204
 144205 176704 177205 193704 195205 201704 202205 225204 225705 231704
 232706 234204 234705 238393]"
ic003,"[  3001  10999  11500  42499  43001  89999  96000 109499 110000 110999
 112500 117683 123685 151683 152184 192683 195684 197183 198184 198683
 199184 214683 216184 236183 236684 238362 244364 285862 286863 292862
 293363 299862 300863 304862 305363 307362 308363 315362 315863 325362
 325863 355362]"
ic004,"[  3001  23999  25000  25999  26500  33999  35000  57999  58500  66999
  68000 117688 123690 144688 145189 173688 174189 184688 185689 189188
 190189 200688 202189 205188 205689 222188 222689 224688 225189 238375
 244377 259375 260876 261875 262376 267875 268376 281375 281876 300875
 301376 304375 304876 322375 323376 359057]"
ic005,"[  3001  17999  18500  30499  31001  36999  37500  56499  57000  90999
  91500 102499 103000 117701 123703 141701 142202 182701 183202 215201
 215702 219701 221202 231701 244392 245390 246891 280890 281391 304390
 307391 316890 317391 317890 318391 325390 326391 335390 335891 359074]"
ic007,"[  3001  20999  21500  25999  26500  26999  27500  29499  30000  60999
  62500  77499  78000  82999  84500  99499 100000 117514 123516 132014
 132515 135514 138515 140514 141015 151514 152015 152514 153515 160014
 161015 208014 208515 221014 221515 223514 225015 237970 243972 245470
 246471 265470 265971 285970 288472 295470 296471 298970 300471 316470
 316971 337970 338471 356470 357471 358429]"
ic008,"[  3001  12499  13000  48499  49000  67499  69000  69499  70000  71999
  72500  78499  80000  84999  86000  86499  88000  98999 102000 106999
 107500 108499 110000 117696 123698 141696 142197 158196 159697 167696
 168697 177696 180697 187196 187697 190696 191197 192696 194197 194696
 196197 212196 212697 222696 223197 228696 229697 238385 244387 248385
 248886 258885 259386 261385 261886 280385 280886 296885 297387 313385
 316386 318385 318886 328385 331386 334885 335386 337385 337886 359046]"
ic009,"[  3001  30499  31500  31999  33500  41999  42500  63499  64000  68999
  70000  91499  92000  92499  93000  97499  98000 117634 123636 146134
 147635 148134 148635 151634 152135 153634 155635 156134 156635 157134
 158635 159634 160135 160634 162635 165634 166635 167134 169635 175134
 176635 186134 187635 195634 196135 204634 205635 210634 211135 211634
 215135 218134 220135 221134 223635 226134 227635 229134 229635 233634
 234635 235634 236135 238272 244274 253772 254773 255272 255773 256272
 257273 266272 266773 268272 268773 274272 275773 279272 279773 283272
 285273 295272 295773 318272 318773 340772 342773 348772 351273 351772
 352273 358918]"
ic010,"[  3001  25999  26500  79499  80001 117663 123665 130163 131164 135663
 137664 140163 140664 143663 145164 154163 155164 155663 156664 195663
 198164 198663 200164 202663 204664 219663 223164 223663 224664 238332
 244334 264332 264833 267332 268333 268832 270333 276332 277333 278832
 279333 281332 283833 284332 284833 287332 287833 289832 292833 308332
 310333 315832 316333 323332 334333 343332 343833 359003]"
ic011,"[  3001   8499   9500  27499  28000  30999  31500  46499  47000  47999
  49000  81499  83000  95999  97000  97999  99500 100999 101500 104999
 106000 108999 110500 110999 111500 114499 115500 117494 123496 127494
 128495 128994 130995 135994 136995 138494 138995 152494 152995 154994
 155495 155994 156495 157994 158495 159994 161495 165494 168995 172994
 173495 191494 192495 200494 202495 237958 243960 293458 293959 328958
 329459 338958 339459 346458 349459 358414]"
ic012,"[  3001   9499  10000  14999  18000  25999  27000  37499  38500  47999
  53000  56499  57000  57999  59000  68999  72000  74999  78000  82499
  83500  89499  90000  91999  94000 117711 123713 145711 146712 147211
 148212 163211 164212 171211 171712 172211 173712 199711 201212 213211
 213712 214211 216212 238398 244400 250398 256399 294398 294899 298898
 299899 305898 306899 308898 309899 314898 316399 324898 325399 326898
 328399 329898 330399 339398 339899 340398 344399 349398 351399 353398
 354899 359092]"
ic014,"[  3001  30499  31500  52999  53500  53999  55500  64499  65000  65499
  67000  73499  74000  83999  84500  86999  88000  95499  96000  96499
  99000 112999 114000 114499 116500 117721 123723 161721 162222 174721
 175222 180721 181722 182221 182722 183221 184222 189721 192722 199721
 200222 209221 210722 219221 219722 220721 222222 225721 228722 238436
 244937 245436 246937 251936 252437 278936 279937 282436 282937 283436
 284437 285436 286437 304436 307437 313436 314437 324436 325937 329936
 330437 330936 334937 339436 339937 342936 343937 355936 356437 357436
 358437 359143]"
ic016,"[  3001  26499  27500  27999  29500 103499 104500 104999 106001 117747
 123749 134747 135248 149747 150748 222247 222748 223747 225248 238477
 244479 256477 257978 281977 282978 302977 304478 305977 306478 307477
 308478 319977 321978 322477 322978 331477 334478 335477 336478 352477
 352978 354477]"
ic017,"[  3001  28999  30000  67499  68001  77999  81000 117670 123672 147670
 148171 149170 150172 169670 170171 174170 175171 175670 177171 226170
 226671 237170 237671 238346 244348 249846 251347 317846 318347 318846
 319347 325846 326347 327346 328347 340846 341347 342346 343348 355346]"
ic018,"[  3001  34499  36000  42999  45000  45499  46500  51999  53500  65499
  66000  66499  68000 106999 107500 107999 109500 117537 123539 157037
 158039 159037 160038 160537 161538 238044 244046 275544 277545 281044
 281545 282544 285545 287544 288045 301044 302545 310544 312545 316044
 317045 318544 319545 341544 342545 358044]"
ic022,"[  3001   4999   6000  12999  14500  67999  69500  74499  77000  88499
  89000  93999  95000 100999 101500 108999 111000 117668 123670 182668
 183170 188668 189169 218168 218669 238339 247340 282339 283840 290339
 291840 295839 296340 336839 339340 340339 346840 355339 355840 356839
 357340 359010]"
ic023,"[  3001  36999  38000  61499  62000  76999  77500  83499  84000  88999
  90500  96499  98500 117460 123462 136960 137961 149460 151461 181460
 181961 237909 243911 246909 247910 271409 272410 272909 273910 281409
 282410 296409 297410 318409 319910 326909 328910 329909 330410 358373]"
ic025,"[  3001  35499  36000  44499  45500  46999  48000  74499  75000  83499
  84000  86499  87000  87999  88500  89499  90500 100499 101000 101499
 102500 105499 106000 114999 115500 115999 116500 117483 123485 151983
 152985 186983 187484 191483 191984 192983 193984 205483 205984 237949
 244950 245449 246450 283949 284950 285449 285950 356449]"
ic026,"[  3001  68499  69500  81499  82500  82999  83500  85999  87500  89999
 105000 117724]"
ic028,"[  3001  26499  27000  90999  92500  92999  94000  95499  96000  99999
 101500 117719 124220 135219 135720 161219 162720 169219 169720 170719
 171720 194219 194720 205719 206220 208219 208720 214219 214720 228719
 229220 238424 247425 251424 251925 268424 270425 298424 301425 323924
 329925 330424 332425 333924 335425 347924 349925 352924 354925 355424
 355925 356924 357925 358424]"
ic029,"[  3001  12999  13500  25499  27000  27999  31000  38499  39500  41999
  43500  47499  48500  49999  52000  53999  55500  85999  87000  87499
  88500 101999 103000 105999 107000 109999 111000 117647 123649 125147
 125648 127147 129148 136147 137648 138647 139148 143647 144148 144647
 146148 157147 158648 159647 160148 174147 175148 177647 180648 181647
 183648 189147 189648 196647 198148 232647 233648 236147 237148 238295
 244297 262795 263796 275295 276296 323295 323797 324295 325796 334295
 334796 337795 338296 340295 343296 358943]"
ic030,"[  3001  23499  24000  24999  26500  34999  35500  75499  76500 114499
 115500 117709 123711 125709 126210 131209 131710 137209 138210 144209
 148210 156709 158210 183209 183710 184209 185710 197709 198210 205709
 206710 214709 216210 230709 231210 238416 244418 267916 268917 269416
 270417 277916 278417 325416 328417 331416 332417 337916 338417 343416
 346417 352416 353917 358916]"
ic032,"[  3001  17999  18500  29499  30500  45499  46500  60999  63000  68499
  70500  71499  72000  75999  76500 106999 108000 117724 123726 131724
 132225 146224 146725 170724 171225 175224 176725 183724 185225 191224
 191725 192224 194225 194724 197225 208224 208725 212724 213225 213724
 214225 225224 226225 235224 235725 238224 244441 280939 281940 294439
 295940 299939 300440 350939 351440 359146]"
ic035,"[  3001  14499  16500  19999  21000  40499  41000  50499  51000  51499
  53000  54999  56000  62999  63500  66499  67500  67999  69000  77499
  79000  90999  93000  95499  96500 114999 116500 117627 123629 127627
 129128 135127 137128 137627 139128 148627 149628 169127 170128 180127
 181128 183127 183628 197127 197628 200627 201128 202127 203128 203627
 204628 205127 205628 207627 208628 209127 209628 212127 213128 220627
 221628 222627 223628 224127 224628 227627 228628 236627 237128 238127
 244264 271262 273263 279262 280763 313762 314263 315262 316763 317262
 317763 321262 321763 322262 323263 323762 325763 327262 327763 330262
 330763 331762 332263 334262 343263 358262 358763 358903]"
ic037,"[  3001  29999  30500  38499  39500  39999  41000  57999  58500  58999
  60500  76999  78000  80999  84000  87999  89500 117478 123480 130978
 131479 145978 146979 151478 151979 158978 160979 166978 168979 172978
 173479 174478 175979 191478 191979 199478 199979 201978 202479 207478
 210979 221978 223479 225478 237479 237991 243993 246991 248492 249991
 252992 253991 255492 264491 264992 338491 338992 358486]"
ic038,"[  3001  12999  13500  22999  23500  23999  25000  33499  34000  64999
  65500  75999  76500  84499  85000 117755 123757 127255 127756 129255
 130256 159755 160256 182255 182756 193755 194256 210755 213756 216255
 216756 218255 218756 228255 228756 229255 230756 238490]"
ic042,"[  3001  22499  23500  49499  50000  50499  51500  59499  61500  62999
  66000  68999  69500  77999  78500  79499  80500  80999  81500 111999
 113000 113499 114000 116999 123496 124994 125495 126494 129495 130994
 133495 133994 134495 140994 141495 162994 164995 168494 171495 178494
 178995 184994 185495 186494 187495 214994 215495 237494 243978 303476
 303977 305476 306477 323976 325477 326976 327477 332476 334477 358455]"
ic043,"[  3001   6499   7000  22499  23500  25999  26500  34999  35500  35999
  37500  57999  58500  65999  66500  70999  71500  71999  73500  73999
  74500  87499  88000  95499  96000  96499  97500 117742 123744 132742
 133243 142242 142743 149242 149743 159242 159743 162242 163243 167742
 169743 170742 171243 181742 182243 183242 183743 186742 187243 189242
 190243 192242 193243 193742 195243 196742 200243 205242 209243 221242
 222243 225242 225743 229742 230243 230742 232243 233242 234243 235742
 236743 238472 244474 255972 256473 256972 257973 264472 265973 276472
 277473 277972 278473 299472 299973 302972 303973 305972 306473 326972
 327473 327972 328973 341472 342973 343972 344973 345472 345973 346472
 347473 352972 353473 354472 356473 359194]"
ic045,"[  3001  61499  62000  63499  64000  64999  66000  79999  80500 104499
 105000 105999 108000 110499 112000 115499 123695 142193 142694 168693
 169194 189693 190694 198693 204694 238382 244883 262882 263383 278382
 278883 282882 283383 284882 285883 330382 330883 331882 332883 335382
 335883 340382 346383 347882 348883 359053]"
ic046,"[  3001  31499  32000  36499  37000  47999  48500  54999  56500  57499
  58500  61499  63000  65999  68000  80499  81500  81999  83000  83499
  84000  84999  86000  88499  89500  93499  94500 101499 103500 117524
 123526 126524 128525 175524 177025 183524 184025 185524 186025 186524
 188525 189024 189525 205524 206025 238052 244054 250052 250553 256052
 256553 260552 261053 263552 264053 268052 269053 269552 270053 271052
 272053 287052 288553 293052 293553 315552 316053 342552 343553 356552]"
ic048,"[  3500   3999   6000  11999  18000  19499  20500  43999  45500  64499
  66000  72499  74500  75499  76000  82499  83500  83999  85000  85499
  87000  93499  94000 113999 114500 114999 116500 117455 123457 133955
 134456 147455 148956 162955 163956 170455 170956 171955 173456 177455
 181456 181955 182956 190955 191456 192455 193456 198455 198956 210455
 210956 230455 233456 237906 243908 267906 282907 283406 283907 314906
 315407 324906 325407 330406 330907 332406 332907 333406 334907 336406
 338907 343406 343907 348406 350407 357906]"
ic049,"[  6000  30499  31000  37999  38500  74499  75000  98999 100000 107499
 109000 117512 123514 153012 154013 154512 155513 158012 158514 159512
 160013 174512 175013 178012 179013 179512 180513 191512 192013 193512
 194013 213512 214513 215012 216513 222512 226013 227012 227513 238032
 244034 254032 255033 255532 256033 258032 260533 262032 262533 266032
 266533 284532 285033 286032 287033 298532 299033 319032 319533 320032
 320533 358545]"
ic050,"[  3001  14499  15500  16999  17500  24499  26000  38999  41500  45999
  47000  53499  55500  59999  61500  65999  66500  68999  69500  73499
  74000  78499  80000  82999  83500  90999  94500  97999  99500 104499
 106000 110999 111500 116499 117000 117737 123739 124237 124738 126237
 129738 136737 137738 144737 145238 162737 163738 166737 168238 168737
 169738 179237 182738 183237 184238 184737 185238 189237 190238 197237
 197738 211237 211738 223237 223738 232737 234238 234737 235738 238449
 244451 245449 245950 252949 254450 273949 274450 290949 291950 307449
 307950 314949 316450 321449 321950 323949 326450 351449 352450 354949
 355450 359146]"
ic052,"[  3001  49999  50500  50999  52500  67499  68500  68999  71000  75999
  77500  85499  90000 117509 123511 229009 229510 234009 235510 236009
 244029 251027 251528 252027 253028 280027 283028 287027 288528 291527
 292028 296527 302028 302527 303028 307027 308528 313027 319028 346027
 349028 356527 357028 357527]"
ic053,"[  3001  10499  11500  17999  19000  19499  21500  38999  40000  41999
  42500  42999  44000  45999  47500  51999  53000  80999  87000  87499
  89000  91999  92500  96499  97500 117537 123539 155537 156538 157037
 158538 194537 197038 201537 202038 202537 204538 212037 212538 213537
 215038 237037 237538 238078 244080 286078 289079 296578 297079 298078
 298580 358619]"
ic055,"[  3001  14999  16500  21999  24500  28499  30500  30999  31500 117721
 123723 175721 176723 238436]"
ic056,"[  3001  14499  15001  58999  59500 117670 123672 141670 144671 155170
 155672 238328 247329 250328 256329 295328 295830 358986]"
ic057,"[  3001  32499  33001 117640 123642 156640 159641 164140 164641 165140
 166641 203640 205641 213140 215141 217640 218141 224640 225141 238286
 244288 281286 281787 293786 295787 303786 305787 313286 314287 338786
 340287 341786 344287 350286 352787 358937]"
ic058,"[  3001  14999  15501  41999  45000 114499 115000 117512 123514 182512
 183013 190012 190514 222512 225513 237996]"
ic059,"[  3001  82999  84000  85499  86000 103999 104500 105499 107001 107999
 108500 110499 111000 117706 123708 127206 127708 132706 133207 200206
 200707 238400 244402 281900 282401 286400 286901 310900 311901 330400
 330901 339900 341901 344900 345401 349400 349901 359092]"
ic060,[  3001  44999  48000 117678 123680 185678 186679 205678 206179 238360]
ic061,"[  3001  59499  60500  60999  62000  63499  64000  85999  87000  87499
  88000  88499  90000 117657 123659 211157 212159 217157 217658 237657
 238158 238323]"
ic062,"[  3001  19999  22000  37999  38500  38999  40500 112999 114000 114499
 116000 117529 123531 129029 130030 130529 132030 169529 170031 171029
 174030 188529 189530 190029 191030 196529 197530 238026 244028 256026
 256527 291526 292027 297026 298027 334026 335027 342026 342527 358513]"
ic063,"[  3001  18499  19000  22999  23500  62999  64000  64499  66000 117704
 123706 187204 187705 207204 208206 224704 225205 238403]"
ic064,"[  3001  11999  12500  15499  16000  68999  69500  83999  85000 105499
 106000 117652 123654 136652 137153 147652 148153 148652 149153 159152
 159653 190652 191653 206152 206653 238313]"
ic065,"[  3001  19999  21500  22999  24000  31499  34000 117645 123647 141145
 141646 193145 194146 202645 204146 205145 209646 216145 217146 238298
 244300 252798 253799 269298 269799 284798 285299 289298 295299 312798
 313799 351298 352799 353298 353799 354798 355799 356298]"
ic066,"[  3001  16999  17500  17999  20000  20999  22500  27499  28000  28499
  30500  34499  35000  45499  46500  83499  84500 117514 123516 168514
 169515 189014 191015 193014 194015 194514 198515 200514 201015 215514
 216015 238009]"
ic067,"[  3001  25999  26500  35499  37000  55499  56500  59999  61000 103999
 104500 117524 123526 128024 128525 129024 130525 141024 141525 152524
 153025 153524 154525 163524 164025 172024 172525 179024 180025 182524
 183525 189024 189525 197524 198525 209024 211025 213024 213525 221024
 222525 223024 223525 231024 233525 234524 236525 238057 244059 244557
 245558 247057 247558 256057 257058 281057 281558 292057 292558 293057
 294558 321557 322058 330557 331058 339057 340058 355057 355558 358582]"
ic068,"[  3001  48499  49000  52499  53000  71499  72500  73499  74500  77499
  78000  96499  97000  99499 100000 100999 102500 117724 124225 124724
 125725 174224 174725 219724 221725 222724 223725 228224 231725 232224
 232725 238439 244441 255939 256440 267439 268440 275439 276940 283939
 284940 305439 306940 335939 336940 337439 338940 356939 357440 357939]"
ic070,"[  3001  11999  15500  15999  17000  20999  22000  35499  36000  36499
  37500  38999  40500  47999  54000  92499  93000  93999  95000 100499
 101500 109499 111000 111499 112000 117460 123462 125460 125961 154460
 154961 194960 195961 199460 201961 221460 223461 224460 224961 228460
 228961 229460 230961 233460 233961 236460 236961 237932 243934 247932
 248433 248932 249433 251932 252433 252932 253934 254432 254933 255932
 258933 285432 286933 358455]"
ic071,"[  3001   8999  12000  50999  51500  60499  61500  71999  73000  76499
  79500  80999  83000  92999  96500  97499  98000 100999 102000 114499
 115000 115999 117000 117709 126710 164709 166210 176709 177210 188209
 190710 191209 191710 194209 196710 207209 209710 228709 244413 245911
 246912 247911 248412 255911 257912 263911 264412 265411 265912 273911
 274912 283911 284912 285411 286412 290411 291412 295411 301412 313911
 314412 314911 316412 319411 320412 324911 325412 330411 331412 331911
 333412 337411 338412 339411 341912 345911 347412 352411 355912 359090]"
ic072,"[  3001   7499   9000  14999  15500  24999  25500  27999  28500  34499
  35000  41499  42000  45999  47000  47499  48501  66999  68500  71499
  72000  97499  98000 100999 103000 114999 115500 115999 116500 117683
 124184 127683 128684 131183 132684 134183 135184 140183 142684 145183
 145684 171683 172684 198183 198684 199183 199684 200183 200684 208683
 209184 209683 211184 212683 213184 214183 215684 223183 225184 238365
 244367 270865 271366 273365 275366 303865 304366 307865 308366 308865
 309866 317865 318866 320865 321366 325365 328366 338365 339866 342865
 343366 345865 346366 350865 352366 357865]"
ic074,"[  3001   9499  10000  21999  22500  32499  36500  88499  90000  96999
  98000 110499 111000 117716 124717 130716 131717 157716 158217 158716
 160217 201216 201717 202716 204717 215216 217717 222216 222717 223716
 224717 238216 244428 250426 253427 257426 257927 258426 259927 290426
 290927 291426 292427 298426 298927 314926 316427 359125]"
ic078,"[  3001  37999  38500  47499  50000  78499  79000  79499  81000 117775
 123777 125775 126276 138775 139776 140275 140776 141275 142276 147775
 149276 153775 154276 154775 156276 170775 171276 171775 172776 207275
 208276 210275 210776 214275 215776 219275 219776 221275 221776 222775
 223776 233775 234276 236775 237776 238275 244533 256531 259532 274531
 277532 283531 285532 293531 295532 301531 303032 306531 307032 311531
 313532 314531 315032 315531 316032 323031 323532 325031 326032 329031
 330032 330531 331032 331531 334532 335531 336032 336531 337532 348531
 349032 349531 350032 352031 355532 356031 358032 359274]"
ic079,"[  3001   8999   9500  23499  24000  64499  66000  83999  85000  98499
  99000 101999 103000 117724 123726 126724 127225 141724 142225 237724
 238226 238444 244446 250444 251445 294444 294945 298944 300445 301444
 302945 304444 304945 306444 307445 328444 328945 330444 331445 331944
 332945 341444 342445 345944 346945 347444 348445 353944 355945 357944
 358445 359159]"
ic080,"[  3001  14999  18000  20499  21000  25999  28500  29499  30500  38499
  39000  40999  42500  44499  47500  47999  49000  55999  57500  68499
  70000  71499  72000  74999  76000  76999  77500  78499  80000  86499
  87500  88499  90000  92499  93000  96499  98000 101999 105000 107999
 108500 108999 109500 110499 111500 117673 123675 124173 125174 126673
 129674 130173 131174 134173 134674 138673 141674 159673 162674 177673
 178174 219673 220674 221173 222674 231673 234674 238352 244354 256352
 257853 261352 261853 274852 275853 289852 291353 291852 292853 293352
 295353 301352 301853 302352 303353 303852 304353 308352 309853 346852
 347353 347852 348353 355852 356353 358352 358853 359034]"
ic081,"[  3001  10499  11000  21999  22500  23499  25000  34499  35000  35499
  37000  47999  51000  53999  54500  55999  57000  57999  59500  71499
  74000  74999  76000  79999  90000  95999 102000 106499 107000 114499
 115000 115999 117500 117675 123677 167675 168676 171675 174676 177175
 177676 204675 205676 214675 216176 222675 225676 238374 250375 252374
 252875 275874 277375 280374 280875 284374 286375 287874 289375 290874
 291875 292374 294375 295374 297375 307374 310375 317874 318375 320374
 320875 343374 346375 359071]"
ic082,"[  3001  14499  15500  28499  29500  29999  31000  40999  41500  58499
  59000  65499  66000  76999  78000 107499 108500 116999 123557 126055
 127056 215055 215556 216555 217056 232055 232556 236055 236557 238075]"
ic083,"[  3500  28499  29000  29499  31000  53499  54000  84499  85000 104499
 105500 105999 107000 112999 113500 117737 124738 172237 172738 173237
 174238 214237 214738 215237 216738 222237 222738 232237 233239 233737]"
ic084,"[  3001   4499   5000  48499  49500  84499  85000 117448 123450 161948
 162449 180448 189449 234448 235449 237907]"
ic085,"[  3001  17999  18500  21499  22000  38499  39000  85499  86001 117532
 123534 238060]"
ic086,"[  3001  20999  21501  22499  23000  24999  26000  30499  31000 101999
 108000 110999 114000 117496 123498 124996 125498 126496 135497 160996
 161497 183496 186497 237991]"
ic087,"[  3001   8999  11000  27499  28500  49499  52000  70499  73000  89499
  90000  93499  94500 113999 115500 117448 123450 234448 234950 237943]"
ic088,"[  3001  14999  16000  56499  57000  65999  69000  86999  88000 117524
 123526 135524 138525 150524 151025 156024 156525 192524 198525 199024
 199525 202524 203025 204524 207525 238047 244049 280047 283048 292047
 298048 314047 314548 358047]"
ic089,"[  3001  26999  28000  69999  70500  77499  78001 102999 103500 114499
 115000 117481 123483 133981 135482 149481 150482 161481 163482 179481
 180482 181981 182482 211481 211982 215981 216982 237973]"
ic090,"[  3001  50999  51500  95499  96001 117704 123706 149204 149705 153704
 156705 159704 160705 199704 200206 221204 221705 238393]"
ic091,"[  3001  18999  20000  33499  34500  43499  44500  73499  74500  92499
  94000 113499 114000 117691 123693 127691 128192 139191 140692 186691
 187192 238367]"
ic092,"[  3001  13499  15000  15499  17000  17999  22000  22499  25500  26499
  27500  27999  29500  31999  35000  47999  53000  60499  61000  74999
  76500 101499 103000 117578 123580 178578 179579 198078 199579 227078
 227579 238183 244185 249183 249684 254683 256184 310683 311184 358795]"
ic093,"[  3001  13499  14500  32499  33000  36499  37500  51999  52500  52999
  54000  54499  55000  64999  65500 117481 126482 130481 131982 137481
 137982 138481 138982 140981 141482 144481 147482 163981 164482 198481
 201482 222481 228482 231481 231982 238011 244013 262511 264012 270011
 272012 277511 279012 286011 287012 289511 290512 293011 293512 299011
 299512 300511 302012 311011 312012 336511 337012 358552]"
ic094,"[  3500   3999   5000  19999  20500  21499  22500  57999  59500  59999
  61500  88499  90000  96499  99000 117714 123716 126714 132715 139714
 140215 147714 148215 149214 150215 200214 201215 201714 202215 206714
 208215 238401 244403 311401 311902 312401 313902 314901 315402 316401
 316902 319901 321402 326401 328902 335901 336902 344901 345902 346401
 346902 359083]"
ic095,"[  4500  48499  49500  72499  73500  84499  85000  94499  95000  95999
  97500  98999  99500 103999 106500 110499 111000 117647 124648 132647
 133648 138147 141648 143147 143648 144147 145648 149147 149648 150147
 151148 159647 160148 160647 161148 161647 164148 168647 171648 186147
 188648 190147 190648 196147 198148 220147 220648 227647 229148 233147
 233648 238300 244302 271800 272301 281300 281801 314800 315301 324300
 327301 328300 328801 333300 333801 341800 343301 357300 357801 358800]"
ic096,"[  3001  16499  17000  27499  28500  44499  47000  47999  51000  51499
  53500  61999  62500  62999  63500  69999  72000  82999  83500 117637
 123639 134137 134638 200637 201138 202637 203138 203637 204638 208137
 209138 209637 210638 211137 211638 217137 219138 219637 220138 221137
 221638 222137 222638 232137 234638 236637 237138 238285 244287 287785
 288786 300285 302286 319785 320286 336785 337286 345285 347286 358933]"
ic097,"[  3001  32999  42000  52999  53501  56499  59000  59999  60500  60999
  61500  68999  69500  85499  86500  86999  88000 107999 111000 117486
 123488 135486 136987 141986 142487 154486 154987 155986 156987 186986
 189987 190486 191487 197486 199487 209486 209987 210486 211487 213486
 213987 237950 243952 263950 264951 267450 267951 275450 275951 276450
 277451 296950 297451 298450 299451 306950 309951 321450 322451 330450
 330951 340950 341451 358411]"
ic099,"[  3001   5999   7000   7499   8000  13999  16500  17999  18500  38499
  39000  42999  43500  50999  51500  55999  57000  82999  83500  84499
  85000  85999  86500  87499  89000  91999  94000  94499  95000 100999
 102500 104999 106000 117750 132751 140750 141252 162750 163251 169750
 170251 171250 171751 172250 172751 191250 191751 192250 193251 204750
 222751 233250 233751 238478 244480 262478 263479 263978 264979 284478
 284979 285478 286479 293978 295479 302478 304479 306478 306979 315478
 315979 322478 323479 332978 333479 354978 355479 355978 356979 359195]"
ic100,"[  3001   9999  10500  11499  12500  14499  16500  21499  22000  30999
  31500  38499  39500  46499  48000  51499  53000  56499  57000  72499
  73000 117681 123683 142681 143182 150681 152182 154681 155682 163681
 164182 165181 165682 170181 171182 177681 180182 184681 185182 188681
 189182 189681 190182 217681 218682 219681 220682 228681 230182 230681
 231682 238363 244365 250863 251364 261363 261864 262863 263864 280363
 281864 282863 283864 284363 284864 286863 288864 292363 293364 300363
 302364 306363 308364 332863 333364 336363 337364 339863 340364 341363
 342364 344363 344864 346863 347364 359045]"
ic101,"[  3001   5999   9000  11999  18000  20999  21500  28499  29500  48499
  50000  51999  53000  66499  67000  73499  74500  77499  78000  79999
  80500  82999  83500  84999  86500  87499  89000  94999  95500  97999
  98500  98999  99500 100999 103500 107999 111500 115999 117000 117688
 123690 134188 135189 135688 136689 140688 143689 169688 170189 187688
 188189 206688 209189 238375 244377 253375 259376 262875 263876 268375
 274376 277875 279376 295375 296876 305375 305876 308375 309376 316875
 318376 320875 321376 326375 327876 340375 340876 341375 341876 345375
 345876 346875 348376 359059]"
ic102,"[  3001  25999  27000  62999  63501 109999 111500 116999 123473 140971
 141472 149971 150472 175971 176972 237930]"
ic103,"[  3001   4499   5501  13499  14000 117711 123713 213211 213713 214711
 215212 238403]"
ic104,[  3001  87999  88501 117683 123685 183183 186684 238362]
ic105,[  3001  24499  25501 117650 123652 138650 141651 199650 200152 238301]
ic106,"[  3001  26999  28000  52499  53500  85999  87000 103999 104500 115499
 117000 117637 123639 154637 155139 238275]"
ic107,"[  3001  60499  61000 100999 101500 101999 102500 102999 103501 117455
 123457 132455 133456 133955 134456 202955 203456 237909]"
ic108,"[  3001  23999  24500  40499  41000  73499  74001  74999  76000  99499
 100000 100499 101000 101999 102500 102999 103500 117732 123734 138732
 139233 152732 153733 210732 213733 218732 221733 237732 244454 245952
 246453 256452 256953 289452 289953 305452 305953 321452 321954 323952
 324453 359167]"
ic109,"[  3001   6999   7500  38499  39000  39499  40000  48499  49000  65999
  66501 117660 123662 151660 152161 160660 161661 162160 163161 171160
 172661 178160 178661 183160 183661 206160 206661 215660 216161 238329]"
ic110,"[  3001  29999  30500  67999  68500  69499  70000  78999  79501  79999
  80500  86999  88000  88499  89000  95499  96000 117460 123462 131460
 131961 182460 182961 231460 231961 237914]"
ic111,"[  3001  79499  81500  87999  89500  90999  92000 106999 107500 117716
 123718 180716 183717 232216 232718 238428]"
ic112,"[  6000  32499  33000  33499  34000 108499 111000 117499 123665 204663
 205165 206163 207664 238332]"
ic113,"[  3500   8499   9000  21999  22500  23499  24500  38999  40000  40499
  41500  57499  58000  67499  68500 103499 105500 112999 114500 115999
 116500 117514 123516 135514 144515 180514 183515 187514 188015 188514
 190515 218014 218515 220014 220515 227014 227515 228514 229515 237014]"
ic114,"[  3001  13499  14500  45999  46500  52499  53500  57499  58500  68999
  69500 117478 123480 129978 130979 141978 143479 191478 191979 211478
 211979 231478 231979 234478 234979 237955 243957 245955 246456 246955
 249956 260455 260956 270955 280456 280955 282456 285955 286956 296955
 297956 299455 299956 320955 321956 330455 330956 358424]"
ic115,"[  3001   7999   8500   9499  10500  12999  14000  31499  32000  35499
  36000  38999  40500  41999  42500  49999  51000  54999  55500  56499
  57000  60499  62500  73499  76000  76999  81000  84499  85500  87999
  89000  98999  99500 102999 104000 105499 106000 107999 109500 117742
 123744 138242 138743 142242 143243 153742 155743 165742 166743 183742
 186743 195242 196243 200742 201243 201742 205243 207742 208243 211742
 213243 215242 216243 226742 228743 238459 244461 248459 248960 255959
 256460 257459 257960 258459 259460 259959 260460 264959 265960 266459
 267460 270959 271460 274459 275960 277459 277960 278459 279960 281459
 282460 305959 306460 325959 326960 327459 328960 345959 346960 347459
 348960 351459 353460 359164]"
ic118,"[  3001  15999  16500  21999  23000  29499  30500  32999  35000  35999
  38000  49499  51000  65499  68000  73499  74500  75499  77500  77999
  80000  96499  97000  97999  99500 101999 105000 117517 123519 127517
 128018 147517 148518 152517 153518 160017 160518 166017 166518 171017
 172018 172517 173018 181517 183518 187517 189518 190017 191518 216517
 217018 218017 219018 236017 236518 237017 244011 260509 261510 266009
 266510 267009 268010 315009 316510 338009 338510 342009 343010 346509
 348010 358486]"
ic119,"[  3001  13999  14500  14999  16500  47999  49000  58499  59000  78499
  79000  84999  86500  99499 100500 100999 104500 106999 107500 117445
 123447 123945 124946 145445 145946 185445 185946 207945 209946 213945
 214446 216445 218446 226945 227446 228445 228946 233945 234446 234945
 236946 237986]"
ic120,"[  3001  27499  28000  35999  37000  37499  39000  82999  86500  89499
  90000 117448 123450 128948 129949 157448 157949 158448 159949 162448
 163449 167948 168949 169448 170949 218448 218949 237925]"
ic121,"[  3001  44999  45500  52999  53500  71999  73000  73999  74500 106999
 109000 117750 123752 141750 150751 169750 170251 179750 182751 238478]"
ic122,"[  3001   8999  18000  30499  31500  48999  53000 117668 123670 151168
 152169 161168 161669 179668 182669 195168 196169 202168 207169 238342
 244344 248342 248843 254342 254843 256842 260343 313342 316343 337342
 337843 349842 350343 350842 353343 359018]"
ic123,"[  3001  92499  93001 117675 123677 148175 148677 238359 244361 260359
 260861 322359 325360 359035]"
ic124,"[  3001   8999  12000  23999  30000  32999  36000  63999  64500  89999
  91000  92999  96000  96499  97000 107499 109500 110999 114000 115999
 123741 126239 126740 127739 129240 132739 135740 166739 167740 168239
 169740 183739 186740 195739 198740 204239 204740 215239 215740 222239
 223240 225739 231740 238459]"
ic125,"[  3001   3499   5000  31999  32500  46999  48000  54499  56000  60999
  61500  63499  64000  64999  66000 117683 123685 138683 140184 146683
 148184 148683 149184 165683 167184 170183 170684 172183 174184 181683
 182184 183183 184684 223683 224684 231683 233184 237683 244367 246865
 247866 248365 249366 257865 258366 259365 262366 268365 271366 279865
 280866 281365 282366 289365 292866 310865 311867 313365 316366 325365
 325866 359047]"
ic126,"[  3001  29999  30500  31499  33000  35999  39000  43999  44500  45499
  46500  48499  49500  51999  53000  54499  56000  57499  58000  62999
  64000  64499  65500  75999  76500  83999  87000  88999  91500  91999
  93000  93499  95000 109999 111000 113999 117500 117512 123514 151012
 152513 160012 161013 165012 165513 166512 167013 173512 174013 174512
 176013 191012 191513 207512 213513 216512 217013 219512 222513 224012
 224513 229012 230013 231512 234513 235512 236013 237512 243960 251958
 254459 255458 255959 261458 261959 278958 279459 287958 288959 290458
 291459 299958 301459 304958 305959 306458 307459 307958 308459 313958
 315459 316458 317959 318458 319959 320458 322459 326958 327459 327958
 329459 335958 339459 343958 345959 350958 351459 355458 356959 358412]"
ic127,"[  3001   8999  13000  13499  16000  17999  19000  22499  26500  34499
  35500  42499  43500  48999  51000  52499  53000  64499  65500  65999
  67500  68499  70000  71999  75000  82499  83000  83499  86000  91999
  92500  95999  99000 111499 112000 114999 115500 117691 123693 129691
 133192 136191 136692 143691 144192 144691 146692 170691 171692 189191
 190692 193191 194193 194691 195192 197191 198692 201191 201692 210691
 213692 216691 219692 222691 223192 237691 244405 252403 252904 253403
 253904 265903 266404 267903 268404 302403 302904 303903 304404 312403
 313404 313903 314904 317403 317904 324903 325404 326903 327404 341903
 342404 355403 358404 359110]"
ic130,"[  3001  68999  70000  87499  88000  94999  96000  96499  97500 100999
 101500 114499 115001 117714 123716 132714 133715 153714 154215 155214
 156215 184714 185715 186214 186715 193714 194215 194714 197215 203214
 205215 232714 233715 237714 244415 257913 260414 265913 267414 269413
 270414 272913 273414 278413 279914 291913 292414 293913 294414 296913
 297414 300913 301414 311413 312914 316913 319414 333913 334414 334913
 336414 353913 354914 358913]"
ic131,"[  3001   5999   9000  10999  12000  19999  21000  25499  26000  50999
  51500  95499  96000 117757 123759 128757 130258 134257 135258 140757
 141258 149257 150758 157757 159258 160257 160758 188257 189258 192757
 197758 199257 200258 208257 208758 211257 212758 224257 224758 228257
 228758 230257 230758 233257 233758 238497 244499 247497 247998 270497
 270998 339997 340498 345497 345998 353997 354498 354997 356498 359230]"
ic135,"[  3001  17999  18500  24999  25500  33999  34500  38499  40000  44499
  45500  46499  49500  50499  51000  61499  63000  84999  87000  92999
  95000 112499 113000 117448 123450 127448 128949 141948 142449 143948
 146449 151448 152449 152948 153449 159448 159949 160948 161449 169948
 170449 184948 185449 192448 192949 195448 196449 216948 218949 224948
 227449 231948 235949 237894 243896 266894 267895 308894 309895 335394
 337395 337894 338395 340894 341395 344894 346395 347394 348395 349894
 350895 358366]"
ic137,"[  3001  32999  34001 117693 123695 133193 133694 139693 140694 148693
 149194 164693 165194 173693 174194 201693 202694 238362]"
ic138,[  3001  89999  90501 117517 123519 237996]
ic139,[  3001  64499  65001 117704 123706 150704 156705 212204 212706 238388]
ic140,"[  3001  38999  40500  55999  57000  84999  85501  94999  95500 117647
 123649 129647 130649 132147 132648 238293]"
ic141,[  3001  52499  53001 117681 123683 160681 161183 238352]
ic142,[  3001 117504 123506 177004 177506 198504 201505 210504 213505 237981]
ic143,[  3001  15999  16501 117698 123700 145698 146200 238380]
ic144,"[  3001   9499  11000  11499  12500  53999  54500  54999  56000  60999
  61500  80999  87000 103999 105000 108499 109000 117460 123462 138460
 139961 156460 157961 158460 159961 164460 165961 166460 166961 167460
 167961 180960 182461 188460 188961 189460 191461 199460 200961 221960
 223461 227460 227961 229460 229961 231460 231961 237955 243957 253455
 254456 264955 265956 281455 281956 291955 293456 327455 327956 332455
 332956 343455 344456 344955 345456 345955 351956 355455 356456 358473]"
ic145,"[  3001  12499  13500  20499  21500  22499  23500  29999  31500  36999
  39000  39499  40000  54999  55500  59999  60500  67499  69000  75999
  77500  80999  81500  82999  83500  92499  93000 104999 105500 117524
 123526 138024 139025 150024 150525 170024 171025 216024 217025 217524
 218025 220024 220525 221524 222025 225024 226525 238067 244069 249067
 249568 252567 253068 253567 255568 265567 266068 279567 280068 281567
 282068 284067 284568 289067 290568 307067 307568 311067 313068 317567
 318068 358569]"
ic146,"[  3500   4999   5500   6499   7500  12999  13500  32499  34000  39499
  40000  52499  54000  56499  57500  77999  78500  81999  84000  85999
  86500 107999 108500 117532 123534 154532 155033 168032 168533 169532
 170033 170532 171033 174032 174533 178532 179033 181532 182033 186032
 188033 190532 192033 197032 198033 202532 204033 213032 214033 215532
 216533 231532 232033 233532 235033 235532 237033 238047 244049 267547
 268048 297047 297548 332547 333048 350047 350548 356047]"
ic148,"[  3001  62999  66000  96999  98000 115999 117500 117535 123537 192035
 193036 238009]"
ic149,[  3001   3999   5000  95499  96500 117734 123736 238446]
ic150,"[  3001  12999  14000  61499  62500  65499  66500  67499  68000  71999
  73000  73499  76500  77999  79500  82499  84500  86999  90000  90499
  93000 100499 101500 103499 104000 106999 108500 109499 110000 110499
 111000 117483 123485 126483 126984 131983 132984 144483 153484 161983
 163484 163983 164984 168483 168984 175983 176984 177483 180484 183983
 190484 198483 199984 230483 230984 237483]"
ic152,"[  3001   6499   7000  28499  29000  33499  34000  53999  54501 111999
 113000 117737 123739 133737 134238 164237 164738 175237 175738 179737
 180238 180737 181738 184737 185738 192737 194238 197237 198238 200737
 202238 203237 203738 204237 205238 224737 225238 225737 226738 230737
 231738 238237 244472 251470 252971 261470 265471 273470 274971 280970
 281471 289470 290971 291470 292471 293970 294471 300970 302471 309970
 312471 313470 313971 316470 317471 339970 341971 348470 349471 351470
 351971 354970 356471 359192]"
ic153,[  3001  84499  85501 117691 123693 166691 167193 238365]
ic155,"[  3001  29999  30500  42499  43000  43999  45000  52499  54500  54999
  55500  55999  57000  58499  59500  61999  62500  63999  65500  71499
  73000  78499  79000  79499  82500 111999 112500 117501 123503 160001
 161002 165501 166502 167001 169002 171001 171502 188001 188502 189001
 190002 238026 244028 291526 292027 292526 293527 294026 294527 307526
 308027 340526 341527 342026 343027 351526 352527 354526 355027 355526
 357027 358559]"
ic157,"[  3001  48499  50500  72999  73500  76499  78000  78999  79500  88999
  91000  92999  94000  96999  97500 102499 104000 117499 123713 130711
 132212 135711 137212 152711 153212 158211 158712 169211 170712 178711
 179212 181711 182712 187211 187712 188711 190212 191211 192712 238413
 244914 266913 267414 278913 279914 283913 284414 323413 323914 324413
 325414 359110]"
ic159,"[  3001   5999   9000   9999  10500  15999  17000  17999  21000  32499
  33500  43999  44500  44999  48000  68499  69500  80999  84000  85499
  86000  87499  88000  93499  94000 111499 112000 112499 114500 117514]"
ic160,"[  3001  27999  28500  34999  35500  35999  38000  85999  88000  88499
  90500  97999 100000 117527 124028 125527 126528 143527 145028 145527
 146028 162527 163028 186527 188028 200027 200528 201527 204528 221527
 222028 238070 250071 258570 259571 274570 275071 285070 285571 286570
 287071 288070 289571 295570 297571 303070 304571 317570 318571 331070
 332071 349570 350071 353570 355071 358600]"
ic161,"[  3001  15499  17000  24999  25500  41499  42000  43499  45000  50999
  53000  63999  65500  66499  67500  70499  72000  95999  97000 106999
 108500 112499 113000 113999 115000 116999 124016 124514 126015 142514
 143015 153514 154015 165014 165515 185014 185515 201514 202015 214514
 215015 224014 225015 234514 235515 236014 237515 237996 243998 266996
 267997 278996 279997 281996 283997 292996 295497 298996 299497 307996
 309497 324496 324997 342996 344497 344996 345497 345996 347497 358460]"
ic163,"[  3001  50499  51000  53499  54000  54499  56000  69499  70500  70999
  72000  78499  80000  81999  82500  86499  87000  90999  92000  93999
  96000 101499 102500 102999 103500 109999 112000 117512 124013 124512
 125013 125512 127013 146012 146513 152012 152513 153012 154513 206012
 209513 237996 243998 246996 247497 274496 275497 275996 277997 278996
 279997 281496 282497 284996 285497 285996 286497 287996 288997 289496
 290997 299996 300997 303996 312997 358465]"
